name,code,codeType
AEROPACE,X2H13XB,PROC
AGENTPCB,XW0J3HA,PROC
AGENTPCB,XW0J3JA,PROC
AGENTPCB,XW0J3KA,PROC
AGENTPCB,XW0J3LA,PROC
AGENTPCB,XW0K3HA,PROC
AGENTPCB,XW0K3JA,PROC
AGENTPCB,XW0K3KA,PROC
AGENTPCB,XW0K3LA,PROC
AGENTPCB,XW0L3HA,PROC
AGENTPCB,XW0L3JA,PROC
AGENTPCB,XW0L3KA,PROC
AGENTPCB,XW0L3LA,PROC
AGENTPCB,XW0M3HA,PROC
AGENTPCB,XW0M3JA,PROC
AGENTPCB,XW0M3KA,PROC
AGENTPCB,XW0M3LA,PROC
ALFAPUMP1,0W1G3J6,PROC
ALFAPUMP2,0JH80YZ,PROC
ANNALISE,XXE0X1A,PROC
APREVOCCERVICAL,XRG10RB,PROC
APREVOCCERVICAL,XRG13RB,PROC
APREVOCCERVICAL,XRG14RB,PROC
APREVOCCERVICAL,XRG20RB,PROC
APREVOCCERVICAL,XRG23RB,PROC
APREVOCCERVICAL,XRG24RB,PROC
APREVOCCERVICAL,XRG40RB,PROC
APREVOCCERVICAL,XRG43RB,PROC
APREVOCCERVICAL,XRG44RB,PROC
ASTAR,XXE5X2A,PROC
AURLUMYN,XW033QB,PROC
AURLUMYN,XW043QB,PROC
AVEIR1,X2H63V9,PROC
AVEIR2,X2HK3V9,PROC
BREYANZI,XW033N7,PROC
BREYANZI,XW043N7,PROC
BREYANZI,C8300,DIAG
BREYANZI,C8301,DIAG
BREYANZI,C8302,DIAG
BREYANZI,C8303,DIAG
BREYANZI,C8304,DIAG
BREYANZI,C8305,DIAG
BREYANZI,C8306,DIAG
BREYANZI,C8307,DIAG
BREYANZI,C8308,DIAG
BREYANZI,C8309,DIAG
BREYANZI,C9110,DIAG
BREYANZI,C9112,DIAG
CASGEVY,XW133J8,PROC
CASGEVY,XW143J8,PROC
CASGEVY,D571,DIAG
CASGEVY,D5720,DIAG
CASGEVY,D5740,DIAG
CASGEVY,D5742,DIAG
CASGEVY,D5744,DIAG
CASGEVY,D5780,DIAG
CERAMENTGOF,XW0V0P7,PROC
CERAMENTGOF,M8600,DIAG
CERAMENTGOF,M86011,DIAG
CERAMENTGOF,M86012,DIAG
CERAMENTGOF,M86019,DIAG
CERAMENTGOF,M86021,DIAG
CERAMENTGOF,M86022,DIAG
CERAMENTGOF,M86029,DIAG
CERAMENTGOF,M86031,DIAG
CERAMENTGOF,M86032,DIAG
CERAMENTGOF,M86039,DIAG
CERAMENTGOF,M86041,DIAG
CERAMENTGOF,M86042,DIAG
CERAMENTGOF,M86049,DIAG
CERAMENTGOF,M86051,DIAG
CERAMENTGOF,M86052,DIAG
CERAMENTGOF,M86059,DIAG
CERAMENTGOF,M86061,DIAG
CERAMENTGOF,M86062,DIAG
CERAMENTGOF,M86069,DIAG
CERAMENTGOF,M86071,DIAG
CERAMENTGOF,M86072,DIAG
CERAMENTGOF,M86079,DIAG
CERAMENTGOF,M8608,DIAG
CERAMENTGOF,M8609,DIAG
CERAMENTGOF,M8610,DIAG
CERAMENTGOF,M86111,DIAG
CERAMENTGOF,M86112,DIAG
CERAMENTGOF,M86119,DIAG
CERAMENTGOF,M86121,DIAG
CERAMENTGOF,M86122,DIAG
CERAMENTGOF,M86129,DIAG
CERAMENTGOF,M86131,DIAG
CERAMENTGOF,M86132,DIAG
CERAMENTGOF,M86139,DIAG
CERAMENTGOF,M86141,DIAG
CERAMENTGOF,M86142,DIAG
CERAMENTGOF,M86149,DIAG
CERAMENTGOF,M86151,DIAG
CERAMENTGOF,M86152,DIAG
CERAMENTGOF,M86159,DIAG
CERAMENTGOF,M86161,DIAG
CERAMENTGOF,M86162,DIAG
CERAMENTGOF,M86169,DIAG
CERAMENTGOF,M86171,DIAG
CERAMENTGOF,M86172,DIAG
CERAMENTGOF,M86179,DIAG
CERAMENTGOF,M8618,DIAG
CERAMENTGOF,M8619,DIAG
CERAMENTGOF,M8620,DIAG
CERAMENTGOF,M86211,DIAG
CERAMENTGOF,M86212,DIAG
CERAMENTGOF,M86219,DIAG
CERAMENTGOF,M86221,DIAG
CERAMENTGOF,M86222,DIAG
CERAMENTGOF,M86229,DIAG
CERAMENTGOF,M86231,DIAG
CERAMENTGOF,M86232,DIAG
CERAMENTGOF,M86239,DIAG
CERAMENTGOF,M86241,DIAG
CERAMENTGOF,M86242,DIAG
CERAMENTGOF,M86249,DIAG
CERAMENTGOF,M86251,DIAG
CERAMENTGOF,M86252,DIAG
CERAMENTGOF,M86259,DIAG
CERAMENTGOF,M86261,DIAG
CERAMENTGOF,M86262,DIAG
CERAMENTGOF,M86269,DIAG
CERAMENTGOF,M86271,DIAG
CERAMENTGOF,M86272,DIAG
CERAMENTGOF,M86279,DIAG
CERAMENTGOF,M8628,DIAG
CERAMENTGOF,M8629,DIAG
CERAMENTGOF,M8630,DIAG
CERAMENTGOF,M86311,DIAG
CERAMENTGOF,M86312,DIAG
CERAMENTGOF,M86319,DIAG
CERAMENTGOF,M86321,DIAG
CERAMENTGOF,M86322,DIAG
CERAMENTGOF,M86329,DIAG
CERAMENTGOF,M86331,DIAG
CERAMENTGOF,M86332,DIAG
CERAMENTGOF,M86339,DIAG
CERAMENTGOF,M86341,DIAG
CERAMENTGOF,M86342,DIAG
CERAMENTGOF,M86349,DIAG
CERAMENTGOF,M86351,DIAG
CERAMENTGOF,M86352,DIAG
CERAMENTGOF,M86359,DIAG
CERAMENTGOF,M86361,DIAG
CERAMENTGOF,M86362,DIAG
CERAMENTGOF,M86369,DIAG
CERAMENTGOF,M86371,DIAG
CERAMENTGOF,M86372,DIAG
CERAMENTGOF,M86379,DIAG
CERAMENTGOF,M8638,DIAG
CERAMENTGOF,M8639,DIAG
CERAMENTGOF,M8640,DIAG
CERAMENTGOF,M86411,DIAG
CERAMENTGOF,M86412,DIAG
CERAMENTGOF,M86419,DIAG
CERAMENTGOF,M86421,DIAG
CERAMENTGOF,M86422,DIAG
CERAMENTGOF,M86429,DIAG
CERAMENTGOF,M86431,DIAG
CERAMENTGOF,M86432,DIAG
CERAMENTGOF,M86439,DIAG
CERAMENTGOF,M86441,DIAG
CERAMENTGOF,M86442,DIAG
CERAMENTGOF,M86449,DIAG
CERAMENTGOF,M86451,DIAG
CERAMENTGOF,M86452,DIAG
CERAMENTGOF,M86459,DIAG
CERAMENTGOF,M86461,DIAG
CERAMENTGOF,M86462,DIAG
CERAMENTGOF,M86469,DIAG
CERAMENTGOF,M86471,DIAG
CERAMENTGOF,M86472,DIAG
CERAMENTGOF,M86479,DIAG
CERAMENTGOF,M8648,DIAG
CERAMENTGOF,M8649,DIAG
CERAMENTGOF,M8650,DIAG
CERAMENTGOF,M86511,DIAG
CERAMENTGOF,M86512,DIAG
CERAMENTGOF,M86519,DIAG
CERAMENTGOF,M86521,DIAG
CERAMENTGOF,M86522,DIAG
CERAMENTGOF,M86529,DIAG
CERAMENTGOF,M86531,DIAG
CERAMENTGOF,M86532,DIAG
CERAMENTGOF,M86539,DIAG
CERAMENTGOF,M86541,DIAG
CERAMENTGOF,M86542,DIAG
CERAMENTGOF,M86549,DIAG
CERAMENTGOF,M86551,DIAG
CERAMENTGOF,M86552,DIAG
CERAMENTGOF,M86559,DIAG
CERAMENTGOF,M86561,DIAG
CERAMENTGOF,M86562,DIAG
CERAMENTGOF,M86569,DIAG
CERAMENTGOF,M86571,DIAG
CERAMENTGOF,M86572,DIAG
CERAMENTGOF,M86579,DIAG
CERAMENTGOF,M8658,DIAG
CERAMENTGOF,M8659,DIAG
CERAMENTGOF,M8660,DIAG
CERAMENTGOF,M86611,DIAG
CERAMENTGOF,M86612,DIAG
CERAMENTGOF,M86619,DIAG
CERAMENTGOF,M86621,DIAG
CERAMENTGOF,M86622,DIAG
CERAMENTGOF,M86629,DIAG
CERAMENTGOF,M86631,DIAG
CERAMENTGOF,M86632,DIAG
CERAMENTGOF,M86639,DIAG
CERAMENTGOF,M86641,DIAG
CERAMENTGOF,M86642,DIAG
CERAMENTGOF,M86649,DIAG
CERAMENTGOF,M86651,DIAG
CERAMENTGOF,M86652,DIAG
CERAMENTGOF,M86659,DIAG
CERAMENTGOF,M86661,DIAG
CERAMENTGOF,M86662,DIAG
CERAMENTGOF,M86669,DIAG
CERAMENTGOF,M86671,DIAG
CERAMENTGOF,M86672,DIAG
CERAMENTGOF,M86679,DIAG
CERAMENTGOF,M8668,DIAG
CERAMENTGOF,M8669,DIAG
CERAMENTGOF,M868X0,DIAG
CERAMENTGOF,M868X1,DIAG
CERAMENTGOF,M868X2,DIAG
CERAMENTGOF,M868X3,DIAG
CERAMENTGOF,M868X4,DIAG
CERAMENTGOF,M868X5,DIAG
CERAMENTGOF,M868X6,DIAG
CERAMENTGOF,M868X7,DIAG
CERAMENTGOF,M868X8,DIAG
CERAMENTGOF,M868X9,DIAG
CERAMENTGOF,M869,DIAG
CERIBELL,XX20X89,PROC
CONTEPO,XW033WB,PROC
CONTEPO,XW043WB,PROC
CYTALUXLUNG,8E0W0EN,PROC
CYTALUXLUNG,8E0W3EN,PROC
CYTALUXLUNG,8E0W4EN,PROC
CYTALUXLUNG,8E0W7EN,PROC
CYTALUXLUNG,8E0W8EN,PROC
DEFENCATH,XY0YX28,PROC
DETOURSYSTEM,X2KH3D9,PROC
DETOURSYSTEM,X2KH3E9,PROC
DETOURSYSTEM,X2KJ3D9,PROC
DETOURSYSTEM,X2KJ3E9,PROC
EMBLAVEO,XW033PB,PROC
EMBLAVEO,XW043PB,PROC
EMILYSCARE,XXEZXAB,PROC
EMILYSCARE,P0501,DIAG
EMILYSCARE,P0502,DIAG
EMILYSCARE,P0503,DIAG
EMILYSCARE,P0504,DIAG
EMILYSCARE,P0505,DIAG
EMILYSCARE,P0511,DIAG
EMILYSCARE,P0512,DIAG
EMILYSCARE,P0513,DIAG
EMILYSCARE,P0514,DIAG
EMILYSCARE,P0515,DIAG
EMILYSCARE,P0700,DIAG
EMILYSCARE,P0701,DIAG
EMILYSCARE,P0702,DIAG
EMILYSCARE,P0703,DIAG
EMILYSCARE,P0714,DIAG
EMILYSCARE,P0715,DIAG
EPKINLYCOLUMVI,XW013S9,PROC
EPKINLYCOLUMVI,XW033P9,PROC
EPKINLYCOLUMVI,XW043P9,PROC
ESPRITBTK,X27P3TA,PROC
ESPRITBTK,X27Q3TA,PROC
ESPRITBTK,X27R3TA,PROC
ESPRITBTK,X27S3TA,PROC
ESPRITBTK,X27T3TA,PROC
ESPRITBTK,X27U3TA,PROC
EUROPA,XRH10GB,PROC
EUROPA,XRH13GB,PROC
EUROPA,XRH14GB,PROC
EUROPA,XRH20GB,PROC
EUROPA,XRH23GB,PROC
EUROPA,XRH24GB,PROC
EUROPA,XRH40GB,PROC
EUROPA,XRH43GB,PROC
EUROPA,XRH44GB,PROC
EUROPA,XRH60GB,PROC
EUROPA,XRH63GB,PROC
EUROPA,XRH64GB,PROC
EVOQUE,X2RJ3RA,PROC
FOURWEB,XRGJ0B9,PROC
FOURWEB,XRGK0B9,PROC
FOURWEB,XRGL0B9,PROC
FOURWEB,XRGM0B9,PROC
GRAFAPEX,XW03388,PROC
GRAFAPEX,XW04388,PROC
HEPZATOKIT1,XW053T9,PROC
HEPZATOKIT2,5A1C00Z,PROC
IFUSETORQTNT,XRGE0HB,PROC
IFUSETORQTNT,XRGE3HB,PROC
IFUSETORQTNT,XRGF0HB,PROC
IFUSETORQTNT,XRGF3HB,PROC
IFUSETORQTNT,XNSN0HB,PROC
IFUSETORQTNT,XNSN3HB,PROC
IFUSETORQTNT,XNSP0HB,PROC
IFUSETORQTNT,XNSP3HB,PROC
IFUSETORQTNT,XNH60HB,PROC
IFUSETORQTNT,XNH63HB,PROC
IFUSETORQTNT,XNH70HB,PROC
IFUSETORQTNT,XNH73HB,PROC
ISLET,3E030U1,PROC
ISLET,3E033U1,PROC
ISLET,3E0J3U1,PROC
ISLET,3E0J7U1,PROC
ISLET,3E0J8U1,PROC
ISLET,Z006,DIAG
IMDELLTRA,XW033NA,PROC
IMDELLTRA,XW043NA,PROC
LIMFLOW,041M3JS,PROC
LIMFLOW,041N3JS,PROC
LIMFLOW,041P3JS,PROC
LIMFLOW,041Q3JS,PROC
LIMFLOW,041R3JS,PROC
LIMFLOW,041S3JS,PROC
LIMFLOW,041T3JS,PROC
LIMFLOW,041U3JS,PROC
LYFGENIA,XW133H9,PROC
LYFGENIA,XW143H9,PROC
MERITWRAPSODY,X27535B,PROC
MERITWRAPSODY,X27635B,PROC
MERITWRAPSODY,X27735B,PROC
MERITWRAPSODY,X27835B,PROC
MERITWRAPSODY,X27935B,PROC
MERITWRAPSODY,X27A35B,PROC
MERITWRAPSODY,X27B35B,PROC
MERITWRAPSODY,X27C35B,PROC
MERITWRAPSODY,X27D35B,PROC
MERITWRAPSODY,X27E35B,PROC
MINIMASTENT,X27339B,PROC
MINIMASTENT,X27439B,PROC
MINIMASTENT,X27W39B,PROC
MINIMASTENT,X27X39B,PROC
MY01PRESSURE,XX2F3W9,PROC
NOCOSTPROD1,Z006,DIAG
NOCOSTPROD1,90,COND
NOCOSTPROD2,ZC,COND
NOCOSTPROD3,ZD,COND
PARADISEULTRASOUND,X051329,PROC
PBCSEPARATOR,XXE5XY9,PROC
PHAGENYXSYSTEM,XWHD7Q7,PROC
PULSESELECT,02583ZF,PROC
RECELL1,0HR0X72,PROC
RECELL1,0HR1X72,PROC
RECELL1,0HR2X72,PROC
RECELL1,0HR3X72,PROC
RECELL1,0HR4X72,PROC
RECELL1,0HR5X72,PROC
RECELL1,0HR6X72,PROC
RECELL1,0HR7X72,PROC
RECELL1,0HR8X72,PROC
RECELL1,0HR9X72,PROC
RECELL1,0HRAX72,PROC
RECELL1,0HRBX72,PROC
RECELL1,0HRCX72,PROC
RECELL1,0HRDX72,PROC
RECELL1,0HREX72,PROC
RECELL1,0HRFX72,PROC
RECELL1,0HRGX72,PROC
RECELL1,0HRHX72,PROC
RECELL1,0HRJX72,PROC
RECELL1,0HRKX72,PROC
RECELL1,0HRLX72,PROC
RECELL1,0HRMX72,PROC
RECELL1,0HRNX72,PROC
RECELL2,0JB00ZX,PROC
RECELL2,0JB00ZZ,PROC
RECELL2,0JB10ZX,PROC
RECELL2,0JB10ZZ,PROC
RECELL2,0JB40ZX,PROC
RECELL2,0JB40ZZ,PROC
RECELL2,0JB50ZX,PROC
RECELL2,0JB50ZZ,PROC
RECELL2,0JB60ZX,PROC
RECELL2,0JB60ZZ,PROC
RECELL2,0JB70ZX,PROC
RECELL2,0JB70ZZ,PROC
RECELL2,0JB80ZX,PROC
RECELL2,0JB80ZZ,PROC
RECELL2,0JB90ZX,PROC
RECELL2,0JB90ZZ,PROC
RECELL2,0JBB0ZX,PROC
RECELL2,0JBB0ZZ,PROC
RECELL2,0JBC0ZX,PROC
RECELL2,0JBC0ZZ,PROC
RECELL2,0JBD0ZX,PROC
RECELL2,0JBD0ZZ,PROC
RECELL2,0JBF0ZX,PROC
RECELL2,0JBF0ZZ,PROC
RECELL2,0JBG0ZX,PROC
RECELL2,0JBG0ZZ,PROC
RECELL2,0JBH0ZX,PROC
RECELL2,0JBH0ZZ,PROC
RECELL2,0JBJ0ZX,PROC
RECELL2,0JBJ0ZZ,PROC
RECELL2,0JBK0ZX,PROC
RECELL2,0JBK0ZZ,PROC
RECELL2,0JBL0ZX,PROC
RECELL2,0JBL0ZZ,PROC
RECELL2,0JBM0ZX,PROC
RECELL2,0JBM0ZZ,PROC
RECELL2,0JBN0ZX,PROC
RECELL2,0JBN0ZZ,PROC
RECELL2,0JBP0ZX,PROC
RECELL2,0JBP0ZZ,PROC
RECELL2,0JBQ0ZX,PROC
RECELL2,0JBQ0ZZ,PROC
RECELL2,0JBR0ZX,PROC
RECELL2,0JBR0ZZ,PROC
RECELL2,S0100XA,DIAG
RECELL2,S0101XA,DIAG
RECELL2,S0102XA,DIAG
RECELL2,S01101A,DIAG
RECELL2,S01102A,DIAG
RECELL2,S01111A,DIAG
RECELL2,S01112A,DIAG
RECELL2,S01121A,DIAG
RECELL2,S01122A,DIAG
RECELL2,S0120XA,DIAG
RECELL2,S0121XA,DIAG
RECELL2,S0122XA,DIAG
RECELL2,S01401A,DIAG
RECELL2,S01402A,DIAG
RECELL2,S01411A,DIAG
RECELL2,S01412A,DIAG
RECELL2,S01421A,DIAG
RECELL2,S01422A,DIAG
RECELL2,S0180XA,DIAG
RECELL2,S0181XA,DIAG
RECELL2,S0182XA,DIAG
RECELL2,S070XXA,DIAG
RECELL2,S071XXA,DIAG
RECELL2,S078XXA,DIAG
RECELL2,S08811A,DIAG
RECELL2,S08812A,DIAG
RECELL2,S0889XA,DIAG
RECELL2,S1180XA,DIAG
RECELL2,S1181XA,DIAG
RECELL2,S1182XA,DIAG
RECELL2,S1189XA,DIAG
RECELL2,S1191XA,DIAG
RECELL2,S1192XA,DIAG
RECELL2,S178XXA,DIAG
RECELL2,S21001A,DIAG
RECELL2,S21002A,DIAG
RECELL2,S21011A,DIAG
RECELL2,S21012A,DIAG
RECELL2,S21021A,DIAG
RECELL2,S21022A,DIAG
RECELL2,S21101A,DIAG
RECELL2,S21102A,DIAG
RECELL2,S21111A,DIAG
RECELL2,S21112A,DIAG
RECELL2,S21121A,DIAG
RECELL2,S21122A,DIAG
RECELL2,S21201A,DIAG
RECELL2,S21202A,DIAG
RECELL2,S21211A,DIAG
RECELL2,S21212A,DIAG
RECELL2,S21221A,DIAG
RECELL2,S21222A,DIAG
RECELL2,S21301A,DIAG
RECELL2,S21302A,DIAG
RECELL2,S21311A,DIAG
RECELL2,S21312A,DIAG
RECELL2,S21321A,DIAG
RECELL2,S21322A,DIAG
RECELL2,S21401A,DIAG
RECELL2,S21402A,DIAG
RECELL2,S21411A,DIAG
RECELL2,S21412A,DIAG
RECELL2,S21421A,DIAG
RECELL2,S21422A,DIAG
RECELL2,S280XXA,DIAG
RECELL2,S281XXA,DIAG
RECELL2,S28211A,DIAG
RECELL2,S28212A,DIAG
RECELL2,S28221A,DIAG
RECELL2,S28222A,DIAG
RECELL2,S31000A,DIAG
RECELL2,S31001A,DIAG
RECELL2,S31010A,DIAG
RECELL2,S31011A,DIAG
RECELL2,S31020A,DIAG
RECELL2,S31021A,DIAG
RECELL2,S31100A,DIAG
RECELL2,S31101A,DIAG
RECELL2,S31102A,DIAG
RECELL2,S31103A,DIAG
RECELL2,S31104A,DIAG
RECELL2,S31105A,DIAG
RECELL2,S31110A,DIAG
RECELL2,S31111A,DIAG
RECELL2,S31112A,DIAG
RECELL2,S31113A,DIAG
RECELL2,S31114A,DIAG
RECELL2,S31115A,DIAG
RECELL2,S31120A,DIAG
RECELL2,S31121A,DIAG
RECELL2,S31122A,DIAG
RECELL2,S31123A,DIAG
RECELL2,S31124A,DIAG
RECELL2,S31125A,DIAG
RECELL2,S31600A,DIAG
RECELL2,S31601A,DIAG
RECELL2,S31602A,DIAG
RECELL2,S31603A,DIAG
RECELL2,S31604A,DIAG
RECELL2,S31605A,DIAG
RECELL2,S31610A,DIAG
RECELL2,S31611A,DIAG
RECELL2,S31612A,DIAG
RECELL2,S31613A,DIAG
RECELL2,S31614A,DIAG
RECELL2,S31615A,DIAG
RECELL2,S31620A,DIAG
RECELL2,S31621A,DIAG
RECELL2,S31622A,DIAG
RECELL2,S31623A,DIAG
RECELL2,S31624A,DIAG
RECELL2,S31625A,DIAG
RECELL2,S31811A,DIAG
RECELL2,S31812A,DIAG
RECELL2,S31819A,DIAG
RECELL2,S31821A,DIAG
RECELL2,S31822A,DIAG
RECELL2,S31829A,DIAG
RECELL2,S381XXA,DIAG
RECELL2,S41001A,DIAG
RECELL2,S41002A,DIAG
RECELL2,S41011A,DIAG
RECELL2,S41012A,DIAG
RECELL2,S41021A,DIAG
RECELL2,S41022A,DIAG
RECELL2,S41101A,DIAG
RECELL2,S41102A,DIAG
RECELL2,S41111A,DIAG
RECELL2,S41112A,DIAG
RECELL2,S41121A,DIAG
RECELL2,S41122A,DIAG
RECELL2,S471XXA,DIAG
RECELL2,S472XXA,DIAG
RECELL2,S48011A,DIAG
RECELL2,S48012A,DIAG
RECELL2,S48021A,DIAG
RECELL2,S48022A,DIAG
RECELL2,S48111A,DIAG
RECELL2,S48112A,DIAG
RECELL2,S48121A,DIAG
RECELL2,S48122A,DIAG
RECELL2,S48911A,DIAG
RECELL2,S48912A,DIAG
RECELL2,S48921A,DIAG
RECELL2,S48922A,DIAG
RECELL2,S51001A,DIAG
RECELL2,S51002A,DIAG
RECELL2,S51011A,DIAG
RECELL2,S51012A,DIAG
RECELL2,S51021A,DIAG
RECELL2,S51022A,DIAG
RECELL2,S51801A,DIAG
RECELL2,S51802A,DIAG
RECELL2,S51811A,DIAG
RECELL2,S51812A,DIAG
RECELL2,S51821A,DIAG
RECELL2,S51822A,DIAG
RECELL2,S5701XA,DIAG
RECELL2,S5702XA,DIAG
RECELL2,S5781XA,DIAG
RECELL2,S5782XA,DIAG
RECELL2,S58011A,DIAG
RECELL2,S58012A,DIAG
RECELL2,S58021A,DIAG
RECELL2,S58022A,DIAG
RECELL2,S58111A,DIAG
RECELL2,S58112A,DIAG
RECELL2,S58121A,DIAG
RECELL2,S58122A,DIAG
RECELL2,S58911A,DIAG
RECELL2,S58912A,DIAG
RECELL2,S58921A,DIAG
RECELL2,S58922A,DIAG
RECELL2,S61001A,DIAG
RECELL2,S61002A,DIAG
RECELL2,S61011A,DIAG
RECELL2,S61012A,DIAG
RECELL2,S61021A,DIAG
RECELL2,S61022A,DIAG
RECELL2,S61101A,DIAG
RECELL2,S61102A,DIAG
RECELL2,S61111A,DIAG
RECELL2,S61112A,DIAG
RECELL2,S61121A,DIAG
RECELL2,S61122A,DIAG
RECELL2,S61200A,DIAG
RECELL2,S61201A,DIAG
RECELL2,S61202A,DIAG
RECELL2,S61203A,DIAG
RECELL2,S61204A,DIAG
RECELL2,S61205A,DIAG
RECELL2,S61206A,DIAG
RECELL2,S61207A,DIAG
RECELL2,S61208A,DIAG
RECELL2,S61210A,DIAG
RECELL2,S61211A,DIAG
RECELL2,S61212A,DIAG
RECELL2,S61213A,DIAG
RECELL2,S61214A,DIAG
RECELL2,S61215A,DIAG
RECELL2,S61216A,DIAG
RECELL2,S61217A,DIAG
RECELL2,S61218A,DIAG
RECELL2,S61220A,DIAG
RECELL2,S61221A,DIAG
RECELL2,S61222A,DIAG
RECELL2,S61223A,DIAG
RECELL2,S61224A,DIAG
RECELL2,S61225A,DIAG
RECELL2,S61226A,DIAG
RECELL2,S61227A,DIAG
RECELL2,S61228A,DIAG
RECELL2,S61300A,DIAG
RECELL2,S61301A,DIAG
RECELL2,S61302A,DIAG
RECELL2,S61303A,DIAG
RECELL2,S61304A,DIAG
RECELL2,S61305A,DIAG
RECELL2,S61306A,DIAG
RECELL2,S61307A,DIAG
RECELL2,S61308A,DIAG
RECELL2,S61310A,DIAG
RECELL2,S61311A,DIAG
RECELL2,S61312A,DIAG
RECELL2,S61313A,DIAG
RECELL2,S61314A,DIAG
RECELL2,S61315A,DIAG
RECELL2,S61316A,DIAG
RECELL2,S61317A,DIAG
RECELL2,S61318A,DIAG
RECELL2,S61320A,DIAG
RECELL2,S61321A,DIAG
RECELL2,S61322A,DIAG
RECELL2,S61323A,DIAG
RECELL2,S61324A,DIAG
RECELL2,S61325A,DIAG
RECELL2,S61326A,DIAG
RECELL2,S61327A,DIAG
RECELL2,S61328A,DIAG
RECELL2,S61401A,DIAG
RECELL2,S61402A,DIAG
RECELL2,S61411A,DIAG
RECELL2,S61412A,DIAG
RECELL2,S61421A,DIAG
RECELL2,S61422A,DIAG
RECELL2,S61501A,DIAG
RECELL2,S61502A,DIAG
RECELL2,S61511A,DIAG
RECELL2,S61512A,DIAG
RECELL2,S61521A,DIAG
RECELL2,S61522A,DIAG
RECELL2,S6701XA,DIAG
RECELL2,S6702XA,DIAG
RECELL2,S67190A,DIAG
RECELL2,S67191A,DIAG
RECELL2,S67192A,DIAG
RECELL2,S67193A,DIAG
RECELL2,S67194A,DIAG
RECELL2,S67195A,DIAG
RECELL2,S67196A,DIAG
RECELL2,S67197A,DIAG
RECELL2,S67198A,DIAG
RECELL2,S6721XA,DIAG
RECELL2,S6722XA,DIAG
RECELL2,S6731XA,DIAG
RECELL2,S6732XA,DIAG
RECELL2,S6741XA,DIAG
RECELL2,S6742XA,DIAG
RECELL2,S6791XA,DIAG
RECELL2,S6792XA,DIAG
RECELL2,S68011A,DIAG
RECELL2,S68012A,DIAG
RECELL2,S68021A,DIAG
RECELL2,S68022A,DIAG
RECELL2,S68110A,DIAG
RECELL2,S68111A,DIAG
RECELL2,S68112A,DIAG
RECELL2,S68113A,DIAG
RECELL2,S68114A,DIAG
RECELL2,S68115A,DIAG
RECELL2,S68116A,DIAG
RECELL2,S68117A,DIAG
RECELL2,S68118A,DIAG
RECELL2,S68120A,DIAG
RECELL2,S68121A,DIAG
RECELL2,S68122A,DIAG
RECELL2,S68123A,DIAG
RECELL2,S68124A,DIAG
RECELL2,S68125A,DIAG
RECELL2,S68126A,DIAG
RECELL2,S68127A,DIAG
RECELL2,S68128A,DIAG
RECELL2,S68411A,DIAG
RECELL2,S68412A,DIAG
RECELL2,S68421A,DIAG
RECELL2,S68422A,DIAG
RECELL2,S68511A,DIAG
RECELL2,S68512A,DIAG
RECELL2,S68521A,DIAG
RECELL2,S68522A,DIAG
RECELL2,S68610A,DIAG
RECELL2,S68611A,DIAG
RECELL2,S68612A,DIAG
RECELL2,S68613A,DIAG
RECELL2,S68614A,DIAG
RECELL2,S68615A,DIAG
RECELL2,S68616A,DIAG
RECELL2,S68617A,DIAG
RECELL2,S68618A,DIAG
RECELL2,S68620A,DIAG
RECELL2,S68621A,DIAG
RECELL2,S68622A,DIAG
RECELL2,S68623A,DIAG
RECELL2,S68624A,DIAG
RECELL2,S68625A,DIAG
RECELL2,S68626A,DIAG
RECELL2,S68627A,DIAG
RECELL2,S68628A,DIAG
RECELL2,S68711A,DIAG
RECELL2,S68712A,DIAG
RECELL2,S68721A,DIAG
RECELL2,S68722A,DIAG
RECELL2,S71001A,DIAG
RECELL2,S71002A,DIAG
RECELL2,S71011A,DIAG
RECELL2,S71012A,DIAG
RECELL2,S71021A,DIAG
RECELL2,S71022A,DIAG
RECELL2,S71101A,DIAG
RECELL2,S71102A,DIAG
RECELL2,S71111A,DIAG
RECELL2,S71112A,DIAG
RECELL2,S71121A,DIAG
RECELL2,S71122A,DIAG
RECELL2,S7701XA,DIAG
RECELL2,S7702XA,DIAG
RECELL2,S7711XA,DIAG
RECELL2,S7712XA,DIAG
RECELL2,S7721XA,DIAG
RECELL2,S7722XA,DIAG
RECELL2,S78011A,DIAG
RECELL2,S78012A,DIAG
RECELL2,S78021A,DIAG
RECELL2,S78022A,DIAG
RECELL2,S78111A,DIAG
RECELL2,S78112A,DIAG
RECELL2,S78121A,DIAG
RECELL2,S78122A,DIAG
RECELL2,S78911A,DIAG
RECELL2,S78912A,DIAG
RECELL2,S78921A,DIAG
RECELL2,S78922A,DIAG
RECELL2,S81001A,DIAG
RECELL2,S81002A,DIAG
RECELL2,S81011A,DIAG
RECELL2,S81012A,DIAG
RECELL2,S81021A,DIAG
RECELL2,S81022A,DIAG
RECELL2,S81801A,DIAG
RECELL2,S81802A,DIAG
RECELL2,S81811A,DIAG
RECELL2,S81812A,DIAG
RECELL2,S81821A,DIAG
RECELL2,S81822A,DIAG
RECELL2,S8701XA,DIAG
RECELL2,S8702XA,DIAG
RECELL2,S8781XA,DIAG
RECELL2,S8782XA,DIAG
RECELL2,S88011A,DIAG
RECELL2,S88012A,DIAG
RECELL2,S88021A,DIAG
RECELL2,S88022A,DIAG
RECELL2,S88111A,DIAG
RECELL2,S88112A,DIAG
RECELL2,S88121A,DIAG
RECELL2,S88122A,DIAG
RECELL2,S88911A,DIAG
RECELL2,S88912A,DIAG
RECELL2,S88921A,DIAG
RECELL2,S88922A,DIAG
RECELL2,S91001A,DIAG
RECELL2,S91002A,DIAG
RECELL2,S91011A,DIAG
RECELL2,S91012A,DIAG
RECELL2,S91021A,DIAG
RECELL2,S91022A,DIAG
RECELL2,S91101A,DIAG
RECELL2,S91102A,DIAG
RECELL2,S91104A,DIAG
RECELL2,S91105A,DIAG
RECELL2,S91111A,DIAG
RECELL2,S91112A,DIAG
RECELL2,S91114A,DIAG
RECELL2,S91115A,DIAG
RECELL2,S91121A,DIAG
RECELL2,S91122A,DIAG
RECELL2,S91124A,DIAG
RECELL2,S91125A,DIAG
RECELL2,S91201A,DIAG
RECELL2,S91202A,DIAG
RECELL2,S91204A,DIAG
RECELL2,S91205A,DIAG
RECELL2,S91211A,DIAG
RECELL2,S91212A,DIAG
RECELL2,S91214A,DIAG
RECELL2,S91215A,DIAG
RECELL2,S91221A,DIAG
RECELL2,S91222A,DIAG
RECELL2,S91224A,DIAG
RECELL2,S91225A,DIAG
RECELL2,S91301A,DIAG
RECELL2,S91302A,DIAG
RECELL2,S91311A,DIAG
RECELL2,S91312A,DIAG
RECELL2,S91321A,DIAG
RECELL2,S91322A,DIAG
RECELL2,S9701XA,DIAG
RECELL2,S9702XA,DIAG
RECELL2,S97101A,DIAG
RECELL2,S97102A,DIAG
RECELL2,S97111A,DIAG
RECELL2,S97112A,DIAG
RECELL2,S97121A,DIAG
RECELL2,S97122A,DIAG
RECELL2,S9781XA,DIAG
RECELL2,S9782XA,DIAG
RECELL2,S98011A,DIAG
RECELL2,S98012A,DIAG
RECELL2,S98021A,DIAG
RECELL2,S98022A,DIAG
RECELL2,S98111A,DIAG
RECELL2,S98112A,DIAG
RECELL2,S98121A,DIAG
RECELL2,S98122A,DIAG
RECELL2,S98131A,DIAG
RECELL2,S98132A,DIAG
RECELL2,S98141A,DIAG
RECELL2,S98142A,DIAG
RECELL2,S98211A,DIAG
RECELL2,S98212A,DIAG
RECELL2,S98221A,DIAG
RECELL2,S98222A,DIAG
RECELL2,S98311A,DIAG
RECELL2,S98312A,DIAG
RECELL2,S98321A,DIAG
RECELL2,S98322A,DIAG
RECELL2,S98911A,DIAG
RECELL2,S98912A,DIAG
RECELL2,S98921A,DIAG
RECELL2,S98922A,DIAG
RESTOR3DTIDAL,XRGK0CA,PROC
RESTOR3DTIDAL,XRGM0CA,PROC
RESTOR3DTIDAL,XRGJ0CA,PROC
RESTOR3DTIDAL,XRGL0CA,PROC
REZZAYO,XW033R9,PROC
REZZAYO,XW043R9,PROC
SAINTNEUROMOD,X0Z0X18,PROC
SHORTCUT,X28F3VA,PROC
SYMPLICITYSPYRAL,X05133A,PROC
TAMBE,X2VE3SA,PROC
TECELRA,XW03368,PROC
TECELRA,XW04368,PROC
TOPSSYSTEM,XRHB018,PROC
TOPSSYSTEM,M48062,DIAG
TRICLIP,02UJ3JZ,PROC
TRIVERITY,XXE5XBB,PROC
VADER,XRH60FA,PROC
VADER,XRH63FA,PROC
VADER,XRH64FA,PROC
VADER,XRH70FA,PROC
VADER,XRH73FA,PROC
VADER,XRH74FA,PROC
VADER,XRH80FA,PROC
VADER,XRH83FA,PROC
VADER,XRH84FA,PROC
VADER,XRHA0FA,PROC
VADER,XRHA3FA,PROC
VADER,XRHA4FA,PROC
VADER,XRHB0FA,PROC
VADER,XRHB3FA,PROC
VADER,XRHB4FA,PROC
VADER,XRHC0FA,PROC
VADER,XRHC3FA,PROC
VADER,XRHC4FA,PROC
VADER,XRHD0FA,PROC
VADER,XRHD3FA,PROC
VADER,XRHD4FA,PROC
VADER,M4620,DIAG
VADER,M4622,DIAG
VADER,M4623,DIAG
VADER,M4624,DIAG
VADER,M4625,DIAG
VADER,M4626,DIAG
VADER,M4627,DIAG
VADER,M4630,DIAG
VADER,M4632,DIAG
VADER,M4633,DIAG
VADER,M4634,DIAG
VADER,M4635,DIAG
VADER,M4636,DIAG
VADER,M4637,DIAG
VADER,M4639,DIAG
VADER,M4640,DIAG
VADER,M4642,DIAG
VADER,M4643,DIAG
VADER,M4644,DIAG
VADER,M4645,DIAG
VADER,M4646,DIAG
VADER,M4647,DIAG
VADER,M4649,DIAG
VADER,M4650,DIAG
VADER,M4651,DIAG
VADER,M4652,DIAG
VADER,M4653,DIAG
VADER,M4654,DIAG
VADER,M4655,DIAG
VADER,M4656,DIAG
VADER,M4657,DIAG
VADER,M4659,DIAG
VADER,M4680,DIAG
VADER,M4682,DIAG
VADER,M4683,DIAG
VADER,M4684,DIAG
VADER,M4685,DIAG
VADER,M4686,DIAG
VADER,M4687,DIAG
VADER,M4689,DIAG
VADER,M4690,DIAG
VADER,M4692,DIAG
VADER,M4693,DIAG
VADER,M4694,DIAG
VADER,M4695,DIAG
VADER,M4696,DIAG
VADER,M4697,DIAG
VADER,M4699,DIAG
VITEKREVEAL,XXE5X4A,PROC
WISECRT1,X2HN37B,PROC
WISECRT2,XHH80HB,PROC
XACDURO1,XW033K9,PROC
XACDURO1,XW043K9,PROC
XACDURO2,Y95,DIAG
XACDURO3,J1561,DIAG
XACDURO4,J95851,DIAG
XACDURO5,B9683,DIAG
ZEVTERA1,XW0335A,PROC
ZEVTERA1,XW0435A,PROC
ZEVTERA2,R7881,DIAG
ZEVTERA3,B9561,DIAG
ZEVTERA3,B9562,DIAG
