diagnosticRelatedGroup,effectiveDate,weight,geometricMeanLengthOfStay,lowVolumeDrg,arithmeticMeanLengthOfStay,postAcuteCare,specialPaymentPostAcuteCare,description
001,20261001,28.0239,25.8,,36.2,,,HEART TRANSPLANT OR IMPLAN
002,20261001,11.3318,8.5,,14.0,,,HEART TRANSPLANT OR IMPLAN
003,20261001,21.2252,22.9,,33.0,Y,,ECMO OR TRACHEOSTOMY WITH
004,20261001,13.8514,22.4,,28.0,Y,,TRACHEOSTOMY WITH MV >96 H
005,20261001,10.3105,14.0,,19.1,,,LIVER TRANSPLANT WITH MCC
006,20261001,4.6370,7.1,,7.8,,,LIVER TRANSPLANT WITHOUT M
007,20261001,12.9502,19.7,,23.5,,,LUNG TRANSPLANT
008,20261001,5.6046,8.5,,10.0,,,SIMULTANEOUS PANCREAS AND
010,20261001,7.1757,5.9,,6.0,,,PANCREAS TRANSPLANT
011,20261001,5.4541,11.4,,13.9,,,"TRACHEOSTOMY FOR FACE, MOU"
012,20261001,4.2160,8.6,,9.8,,,"TRACHEOSTOMY FOR FACE, MOU"
013,20261001,2.8818,6.5,,7.1,,,"TRACHEOSTOMY FOR FACE, MOU"
014,20261001,12.0179,25.7,,28.7,,,ALLOGENEIC BONE MARROW TRA
016,20261001,5.9297,16.1,,17.2,,,AUTOLOGOUS BONE MARROW TRA
017,20261001,5.4323,8.3,,11.5,,,AUTOLOGOUS BONE MARROW TRA
018,20261001,43.1828,12.4,,14.7,,,CHIMERIC ANTIGEN RECEPTOR
019,20261001,7.1346,10.1,,11.8,,,SIMULTANEOUS PANCREAS AND
020,20261001,7.8688,8.8,,12.5,,,INTRACRANIAL VASCULAR PROC
021,20261001,5.2938,4.9,,7.8,,,INTRACRANIAL VASCULAR PROC
022,20261001,3.1774,1.7,,2.4,,,INTRACRANIAL VASCULAR PROC
023,20261001,5.7303,7.1,,10.0,Y,Y,CRANIOTOMY WITH MAJOR DEVI
024,20261001,3.9119,3.7,,4.9,Y,Y,CRANIOTOMY WITH MAJOR DEVI
025,20261001,4.5467,6.4,,8.6,Y,,CRANIOTOMY AND ENDOVASCULA
026,20261001,3.1092,2.8,,4.1,Y,,CRANIOTOMY AND ENDOVASCULA
027,20261001,2.5229,1.5,,2.0,Y,,CRANIOTOMY AND ENDOVASCULA
028,20261001,6.0083,9.5,,12.2,Y,Y,SPINAL PROCEDURES WITH MCC
029,20261001,3.4116,4.7,,6.2,Y,Y,SPINAL PROCEDURES WITH CC
030,20261001,2.1952,2.6,,3.3,Y,Y,SPINAL PROCEDURES WITHOUT
031,20261001,4.4805,7.0,,10.6,Y,,VENTRICULAR SHUNT PROCEDUR
032,20261001,2.1310,2.5,,3.7,Y,,VENTRICULAR SHUNT PROCEDUR
033,20261001,1.6629,1.5,,1.9,Y,,VENTRICULAR SHUNT PROCEDUR
034,20261001,3.8707,4.7,,6.7,,,CAROTID ARTERY STENT PROCE
035,20261001,2.3905,1.9,,2.7,,,CAROTID ARTERY STENT PROCE
036,20261001,1.9428,1.2,,1.4,,,CAROTID ARTERY STENT PROCE
037,20261001,3.2921,4.7,,7.2,,,EXTRACRANIAL PROCEDURES WI
038,20261001,1.6226,1.9,,2.7,,,EXTRACRANIAL PROCEDURES WI
039,20261001,1.1755,1.2,,1.4,,,EXTRACRANIAL PROCEDURES WI
040,20261001,3.8612,7.2,,10.7,Y,Y,"PERIPHERAL, CRANIAL NERVE"
041,20261001,2.1987,3.8,,4.8,Y,Y,"PERIPHERAL, CRANIAL NERVE"
042,20261001,1.7277,2.3,,2.9,Y,Y,"PERIPHERAL, CRANIAL NERVE"
052,20261001,1.8113,4.1,,5.7,,,SPINAL DISORDERS AND INJUR
053,20261001,0.9792,2.6,,3.3,,,SPINAL DISORDERS AND INJUR
054,20261001,1.5269,4.0,,5.7,Y,,NERVOUS SYSTEM NEOPLASMS W
055,20261001,1.0196,2.9,,3.9,Y,,NERVOUS SYSTEM NEOPLASMS W
056,20261001,2.3231,5.7,,9.1,Y,,DEGENERATIVE NERVOUS SYSTE
057,20261001,1.2956,3.8,,5.9,Y,,DEGENERATIVE NERVOUS SYSTE
058,20261001,1.7095,4.6,,6.3,,,MULTIPLE SCLEROSIS AND CER
059,20261001,1.2409,3.6,,4.8,,,MULTIPLE SCLEROSIS AND CER
060,20261001,0.9198,2.9,,3.6,,,MULTIPLE SCLEROSIS AND CER
061,20261001,2.7571,4.7,,6.2,,,"ISCHEMIC STROKE, PRECEREBR"
062,20261001,1.7572,3.0,,3.6,,,"ISCHEMIC STROKE, PRECEREBR"
063,20261001,1.4038,2.2,,2.5,,,"ISCHEMIC STROKE, PRECEREBR"
064,20261001,2.0110,4.4,,6.3,Y,,INTRACRANIAL HEMORRHAGE OR
065,20261001,1.0103,2.8,,3.6,Y,,INTRACRANIAL HEMORRHAGE OR
066,20261001,0.6844,1.9,,2.3,Y,,INTRACRANIAL HEMORRHAGE OR
067,20261001,1.4687,3.4,,4.7,,,PRECEREBRAL OCCLUSION WITH
068,20261001,0.8644,2.0,,2.5,,,PRECEREBRAL OCCLUSION WITH
069,20261001,0.7988,2.0,,2.5,,,TRANSIENT ISCHEMIA WITHOUT
070,20261001,1.6648,4.5,,6.3,Y,,OTHER CEREBROVASCULAR DISO
071,20261001,1.0260,3.3,,4.4,Y,,OTHER CEREBROVASCULAR DISO
072,20261001,0.7562,2.3,,2.9,Y,,OTHER CEREBROVASCULAR DISO
073,20261001,1.6043,4.1,,5.8,,,CRANIAL AND PERIPHERAL NER
074,20261001,1.0308,2.8,,3.7,,,CRANIAL AND PERIPHERAL NER
075,20261001,1.9175,5.5,,7.2,,,VIRAL MENINGITIS WITH CC/M
076,20261001,0.8252,2.6,,3.2,,,VIRAL MENINGITIS WITHOUT C
080,20261001,1.8100,4.7,,6.5,,,NONTRAUMATIC STUPOR AND CO
081,20261001,0.8956,2.8,,3.6,,,NONTRAUMATIC STUPOR AND CO
082,20261001,2.2856,4.4,,6.6,,,TRAUMATIC STUPOR AND COMA
083,20261001,1.3958,3.2,,4.3,,,TRAUMATIC STUPOR AND COMA
084,20261001,0.9558,2.1,,2.5,,,TRAUMATIC STUPOR AND COMA
085,20261001,2.2719,4.6,,6.3,Y,,TRAUMATIC STUPOR AND COMA
086,20261001,1.3027,2.9,,3.6,Y,,TRAUMATIC STUPOR AND COMA
087,20261001,0.9147,1.9,,2.3,Y,,TRAUMATIC STUPOR AND COMA
088,20261001,1.3518,3.4,,4.5,,,CONCUSSION WITH MCC
089,20261001,1.0986,2.5,,3.3,,,CONCUSSION WITH CC
090,20261001,0.8232,1.9,,2.3,,,CONCUSSION WITHOUT CC/MCC
091,20261001,1.7562,4.4,,6.3,Y,,OTHER DISORDERS OF NERVOUS
092,20261001,1.0230,3.0,,4.0,Y,,OTHER DISORDERS OF NERVOUS
093,20261001,0.7963,2.2,,2.7,Y,,OTHER DISORDERS OF NERVOUS
094,20261001,3.5194,7.9,,10.5,,,BACTERIAL AND TUBERCULOUS
095,20261001,2.5792,5.6,,6.8,,,BACTERIAL AND TUBERCULOUS
096,20261001,2.5792,5.6,,6.8,,,BACTERIAL AND TUBERCULOUS
097,20261001,3.6118,8.7,,11.7,,,NON-BACTERIAL INFECTION OF
098,20261001,2.2949,5.9,,7.7,,,NON-BACTERIAL INFECTION OF
099,20261001,1.3624,3.8,,4.7,,,NON-BACTERIAL INFECTION OF
100,20261001,1.9368,4.3,,6.3,Y,,SEIZURES WITH MCC
101,20261001,0.9026,2.6,,3.4,Y,,SEIZURES WITHOUT MCC
102,20261001,1.1209,2.9,,4.0,,,HEADACHES WITH MCC
103,20261001,0.8363,2.3,,2.9,,,HEADACHES WITHOUT MCC
113,20261001,2.3511,4.7,,6.5,,,ORBITAL PROCEDURES WITH CC
114,20261001,1.3530,2.3,,3.3,,,ORBITAL PROCEDURES WITHOUT
115,20261001,1.5349,3.8,,5.3,,,EXTRAOCULAR PROCEDURES EXC
116,20261001,1.8081,4.0,,6.3,,,INTRAOCULAR PROCEDURES WIT
117,20261001,1.0849,1.9,,2.5,,,INTRAOCULAR PROCEDURES WIT
121,20261001,1.1633,4.1,,5.5,,,ACUTE MAJOR EYE INFECTIONS
122,20261001,0.7858,3.2,,4.0,,,ACUTE MAJOR EYE INFECTIONS
123,20261001,0.7986,2.1,,2.6,,,NEUROLOGICAL EYE DISORDERS
124,20261001,1.3231,3.2,,4.6,,,OTHER DISORDERS OF THE EYE
125,20261001,0.7678,2.2,,2.9,,,OTHER DISORDERS OF THE EYE
135,20261001,2.1700,3.6,,5.6,,,SINUS AND MASTOID PROCEDUR
136,20261001,1.0153,1.3,,1.6,,,SINUS AND MASTOID PROCEDUR
137,20261001,1.4932,3.4,,4.9,,,MOUTH PROCEDURES WITH CC/M
138,20261001,0.8862,1.6,,2.0,,,MOUTH PROCEDURES WITHOUT C
139,20261001,1.2357,2.0,,2.9,,,SALIVARY GLAND PROCEDURES
140,20261001,4.2653,6.9,,9.1,,,MAJOR HEAD AND NECK PROCED
141,20261001,2.1811,3.0,,4.1,,,MAJOR HEAD AND NECK PROCED
142,20261001,1.5964,1.9,,2.5,,,MAJOR HEAD AND NECK PROCED
143,20261001,3.7466,6.2,,9.5,,,"OTHER EAR, NOSE, MOUTH AND"
144,20261001,1.7329,2.8,,3.8,,,"OTHER EAR, NOSE, MOUTH AND"
145,20261001,1.2023,1.6,,1.9,,,"OTHER EAR, NOSE, MOUTH AND"
146,20261001,2.1174,5.5,,8.0,,,"EAR, NOSE, MOUTH AND THROA"
147,20261001,1.2715,3.5,,4.8,,,"EAR, NOSE, MOUTH AND THROA"
148,20261001,0.7971,1.9,,2.4,,,"EAR, NOSE, MOUTH AND THROA"
149,20261001,0.7516,1.9,,2.4,,,DYSEQUILIBRIUM
150,20261001,1.3315,3.4,,4.5,,,EPISTAXIS WITH MCC
151,20261001,0.7340,2.1,,2.6,,,EPISTAXIS WITHOUT MCC
152,20261001,1.1822,3.2,,4.4,,,OTITIS MEDIA AND URI WITH
153,20261001,0.7382,2.2,,2.8,,,OTITIS MEDIA AND URI WITHO
154,20261001,1.5635,3.9,,5.6,,,"OTHER EAR, NOSE, MOUTH AND"
155,20261001,0.9165,2.8,,3.5,,,"OTHER EAR, NOSE, MOUTH AND"
156,20261001,0.6911,2.0,,2.4,,,"OTHER EAR, NOSE, MOUTH AND"
157,20261001,1.7168,4.5,,6.3,,,DENTAL AND ORAL DISEASES W
158,20261001,0.9098,2.8,,3.5,,,DENTAL AND ORAL DISEASES W
159,20261001,0.7085,2.1,,2.5,,,DENTAL AND ORAL DISEASES W
163,20261001,4.4818,6.3,,8.7,Y,,MAJOR CHEST PROCEDURES WIT
164,20261001,2.5240,3.4,,4.3,Y,,MAJOR CHEST PROCEDURES WIT
165,20261001,1.9142,2.0,,2.4,Y,,MAJOR CHEST PROCEDURES WIT
166,20261001,3.7377,7.6,,10.5,Y,,OTHER RESPIRATORY SYSTEM O
167,20261001,1.8034,3.4,,4.6,Y,,OTHER RESPIRATORY SYSTEM O
168,20261001,1.3664,1.8,,2.2,Y,,OTHER RESPIRATORY SYSTEM O
173,20261001,2.9764,3.8,,4.6,,,ULTRASOUND ACCELERATED AND
175,20261001,1.3736,3.8,,4.9,Y,,PULMONARY EMBOLISM WITH MC
176,20261001,0.8050,2.4,,3.0,Y,,PULMONARY EMBOLISM WITHOUT
177,20261001,1.5627,4.4,,5.7,Y,,RESPIRATORY INFECTIONS AND
178,20261001,0.9760,3.1,,3.9,Y,,RESPIRATORY INFECTIONS AND
179,20261001,0.7550,2.4,,3.0,Y,,RESPIRATORY INFECTIONS AND
180,20261001,1.7660,4.8,,6.5,,,RESPIRATORY NEOPLASMS WITH
181,20261001,1.0710,3.1,,4.1,,,RESPIRATORY NEOPLASMS WITH
182,20261001,0.7538,2.2,,2.8,,,RESPIRATORY NEOPLASMS WITH
183,20261001,1.5299,4.2,,5.4,,,MAJOR CHEST TRAUMA WITH MC
184,20261001,1.0641,3.1,,3.7,,,MAJOR CHEST TRAUMA WITH CC
185,20261001,0.7865,2.3,,2.7,,,MAJOR CHEST TRAUMA WITHOUT
186,20261001,1.5585,4.2,,5.6,Y,,PLEURAL EFFUSION WITH MCC
187,20261001,0.9891,3.0,,3.8,Y,,PLEURAL EFFUSION WITH CC
188,20261001,0.7172,2.1,,2.6,Y,,PLEURAL EFFUSION WITHOUT C
189,20261001,1.2354,3.5,,4.7,,,PULMONARY EDEMA AND RESPIR
190,20261001,1.1077,3.3,,4.2,Y,,CHRONIC OBSTRUCTIVE PULMON
191,20261001,0.8430,2.6,,3.3,Y,,CHRONIC OBSTRUCTIVE PULMON
192,20261001,0.6420,2.1,,2.5,Y,,CHRONIC OBSTRUCTIVE PULMON
193,20261001,1.3144,3.9,,4.9,Y,,SIMPLE PNEUMONIA AND PLEUR
194,20261001,0.8059,2.8,,3.4,Y,,SIMPLE PNEUMONIA AND PLEUR
195,20261001,0.6285,2.2,,2.7,Y,,SIMPLE PNEUMONIA AND PLEUR
196,20261001,1.8872,4.8,,6.5,Y,,INTERSTITIAL LUNG DISEASE
197,20261001,0.9491,2.9,,3.6,Y,,INTERSTITIAL LUNG DISEASE
198,20261001,0.7162,2.2,,2.7,Y,,INTERSTITIAL LUNG DISEASE
199,20261001,1.7641,4.8,,6.3,,,PNEUMOTHORAX WITH MCC
200,20261001,1.0993,3.1,,3.9,,,PNEUMOTHORAX WITH CC
201,20261001,0.7151,2.3,,2.8,,,PNEUMOTHORAX WITHOUT CC/MC
202,20261001,0.9712,2.9,,3.6,,,BRONCHITIS AND ASTHMA WITH
203,20261001,0.6700,2.2,,2.6,,,BRONCHITIS AND ASTHMA WITH
204,20261001,0.8074,2.1,,2.7,,,RESPIRATORY SIGNS AND SYMP
205,20261001,1.8310,4.4,,6.0,Y,,OTHER RESPIRATORY SYSTEM D
206,20261001,0.9411,2.4,,3.1,Y,,OTHER RESPIRATORY SYSTEM D
207,20261001,6.4347,12.5,,15.1,Y,,RESPIRATORY SYSTEM DIAGNOS
208,20261001,2.7487,4.9,,7.1,,,RESPIRATORY SYSTEM DIAGNOS
209,20261001,11.3188,6.7,,10.6,,,COMPLEX AORTIC ARCH PROCED
212,20261001,10.8741,12.5,,15.5,,,CONCOMITANT AORTIC AND MIT
213,20261001,5.7069,1.7,,2.9,,,ENDOVASCULAR ABDOMINAL AOR
215,20261001,9.9570,4.7,,8.1,,,OTHER HEART ASSIST SYSTEM
216,20261001,9.7828,10.6,,13.6,Y,Y,CARDIAC VALVE AND OTHER MA
217,20261001,6.5753,4.3,,6.2,Y,Y,CARDIAC VALVE AND OTHER MA
218,20261001,6.5753,4.3,,6.2,Y,Y,CARDIAC VALVE AND OTHER MA
219,20261001,7.6783,8.2,,10.0,Y,Y,CARDIAC VALVE AND OTHER MA
220,20261001,5.3328,5.4,,6.1,Y,Y,CARDIAC VALVE AND OTHER MA
221,20261001,5.0402,2.9,,3.6,Y,Y,CARDIAC VALVE AND OTHER MA
228,20261001,4.9474,6.1,,8.5,,,OTHER CARDIOTHORACIC PROCE
229,20261001,3.1495,2.4,,3.2,,,OTHER CARDIOTHORACIC PROCE
231,20261001,8.4299,10.4,,12.0,,,CORONARY BYPASS WITH PTCA
232,20261001,6.0626,7.5,,8.6,,,CORONARY BYPASS WITH PTCA
233,20261001,7.6452,11.0,,12.3,Y,,CORONARY BYPASS WITH CARDI
234,20261001,5.4627,8.2,,8.8,Y,,CORONARY BYPASS WITH CARDI
235,20261001,5.8686,8.0,,9.1,Y,,CORONARY BYPASS WITHOUT CA
236,20261001,4.1888,5.8,,6.2,Y,,CORONARY BYPASS WITHOUT CA
239,20261001,4.9217,11.1,,13.8,Y,,AMPUTATION FOR CIRCULATORY
240,20261001,2.8505,7.3,,8.8,Y,,AMPUTATION FOR CIRCULATORY
241,20261001,1.3844,4.0,,4.8,Y,,AMPUTATION FOR CIRCULATORY
242,20261001,3.1928,4.8,,6.2,Y,,PERMANENT CARDIAC PACEMAKE
243,20261001,2.1309,2.8,,3.5,Y,,PERMANENT CARDIAC PACEMAKE
244,20261001,1.8075,2.1,,2.5,Y,,PERMANENT CARDIAC PACEMAKE
245,20261001,4.5624,4.1,,6.2,,,AICD GENERATOR PROCEDURES
250,20261001,2.1825,3.1,,4.3,,,PERCUTANEOUS CARDIOVASCULA
251,20261001,1.4945,2.0,,2.4,,,PERCUTANEOUS CARDIOVASCULA
252,20261001,3.4883,5.3,,7.8,,,OTHER VASCULAR PROCEDURES
253,20261001,2.5956,3.7,,5.1,,,OTHER VASCULAR PROCEDURES
254,20261001,1.7817,1.8,,2.2,,,OTHER VASCULAR PROCEDURES
255,20261001,2.6974,6.8,,8.6,Y,,UPPER LIMB AND TOE AMPUTAT
256,20261001,1.6979,5.0,,6.1,Y,,UPPER LIMB AND TOE AMPUTAT
257,20261001,1.0922,3.1,,3.8,Y,,UPPER LIMB AND TOE AMPUTAT
258,20261001,3.1421,5.4,,7.2,,,CARDIAC PACEMAKER DEVICE R
259,20261001,2.0221,2.4,,2.8,,,CARDIAC PACEMAKER DEVICE R
260,20261001,3.2528,5.5,,7.7,,,CARDIAC PACEMAKER REVISION
261,20261001,1.8905,2.8,,3.6,,,CARDIAC PACEMAKER REVISION
262,20261001,1.6299,2.1,,2.4,,,CARDIAC PACEMAKER REVISION
263,20261001,3.0574,4.7,,6.8,,,VEIN LIGATION AND STRIPPIN
264,20261001,3.3406,6.7,,9.7,Y,,OTHER CIRCULATORY SYSTEM O
265,20261001,3.6182,4.4,,6.3,,,AICD LEAD PROCEDURES
266,20261001,6.1284,2.5,,4.5,Y,Y,ENDOVASCULAR CARDIAC VALVE
267,20261001,4.7608,1.3,,1.5,Y,Y,ENDOVASCULAR CARDIAC VALVE
268,20261001,6.8779,6.1,,9.2,,,AORTIC AND HEART ASSIST PR
269,20261001,4.2232,1.5,,2.0,,,AORTIC AND HEART ASSIST PR
270,20261001,5.2763,6.3,,9.3,,,OTHER MAJOR CARDIOVASCULAR
271,20261001,3.5563,3.7,,5.0,,,OTHER MAJOR CARDIOVASCULAR
272,20261001,2.5530,1.7,,2.2,,,OTHER MAJOR CARDIOVASCULAR
273,20261001,4.1255,3.7,,5.6,,,PERCUTANEOUS AND OTHER INT
274,20261001,3.2917,1.2,,1.4,,,PERCUTANEOUS AND OTHER INT
275,20261001,7.1304,8.3,,10.3,,,CARDIAC DEFIBRILLATOR IMPL
276,20261001,6.0066,6.2,,8.1,Y,Y,CARDIAC DEFIBRILLATOR IMPL
277,20261001,4.6185,3.3,,4.1,Y,Y,CARDIAC DEFIBRILLATOR IMPL
278,20261001,5.5662,7.2,,10.4,,,ULTRASOUND ACCELERATED AND
279,20261001,3.6064,3.5,,5.0,,,ULTRASOUND ACCELERATED AND
280,20261001,1.6041,4.1,,5.3,Y,,ACUTE MYOCARDIAL INFARCTIO
281,20261001,0.9191,2.3,,2.9,Y,,ACUTE MYOCARDIAL INFARCTIO
282,20261001,0.7231,1.7,,2.0,Y,,ACUTE MYOCARDIAL INFARCTIO
283,20261001,1.9808,3.2,,5.3,,,ACUTE MYOCARDIAL INFARCTIO
284,20261001,0.6922,1.5,,2.0,,,ACUTE MYOCARDIAL INFARCTIO
285,20261001,0.5989,1.1,,1.3,,,ACUTE MYOCARDIAL INFARCTIO
286,20261001,2.2128,5.4,,7.2,,,CIRCULATORY DISORDERS EXCE
287,20261001,1.0701,2.1,,2.7,,,CIRCULATORY DISORDERS EXCE
288,20261001,2.7062,7.5,,9.7,Y,,ACUTE AND SUBACUTE ENDOCAR
289,20261001,1.7069,5.2,,6.4,Y,,ACUTE AND SUBACUTE ENDOCAR
290,20261001,0.9297,2.9,,3.5,Y,,ACUTE AND SUBACUTE ENDOCAR
291,20261001,1.2838,3.8,,5.0,Y,,HEART FAILURE AND SHOCK WI
292,20261001,0.8490,2.9,,3.7,Y,,HEART FAILURE AND SHOCK WI
293,20261001,0.5660,2.1,,2.5,Y,,HEART FAILURE AND SHOCK WI
296,20261001,1.5619,2.0,,3.2,,,"CARDIAC ARREST, UNEXPLAINE"
297,20261001,0.6340,1.3,,1.7,,,"CARDIAC ARREST, UNEXPLAINE"
298,20261001,0.4551,1.1,,1.2,,,"CARDIAC ARREST, UNEXPLAINE"
299,20261001,1.6327,3.9,,5.5,Y,,PERIPHERAL VASCULAR DISORD
300,20261001,1.0675,3.1,,3.9,Y,,PERIPHERAL VASCULAR DISORD
301,20261001,0.7197,2.0,,2.5,Y,,PERIPHERAL VASCULAR DISORD
302,20261001,1.1966,2.9,,4.0,,,ATHEROSCLEROSIS WITH MCC
303,20261001,0.6732,1.8,,2.3,,,ATHEROSCLEROSIS WITHOUT MC
304,20261001,1.1900,3.1,,4.1,,,HYPERTENSION WITH MCC
305,20261001,0.7551,2.1,,2.6,,,HYPERTENSION WITHOUT MCC
306,20261001,1.5758,3.8,,5.2,,,CARDIAC CONGENITAL AND VAL
307,20261001,0.9132,2.2,,2.8,,,CARDIAC CONGENITAL AND VAL
308,20261001,1.2040,3.4,,4.5,,,CARDIAC ARRHYTHMIA AND CON
309,20261001,0.7357,2.3,,2.8,,,CARDIAC ARRHYTHMIA AND CON
310,20261001,0.5661,1.8,,2.1,,,CARDIAC ARRHYTHMIA AND CON
311,20261001,0.7019,1.9,,2.4,,,ANGINA PECTORIS
312,20261001,0.8716,2.4,,3.1,,,SYNCOPE AND COLLAPSE
313,20261001,0.7200,1.7,,2.1,,,CHEST PAIN
314,20261001,2.0852,4.8,,6.7,Y,,OTHER CIRCULATORY SYSTEM D
315,20261001,0.9633,2.6,,3.4,Y,,OTHER CIRCULATORY SYSTEM D
316,20261001,0.6821,1.8,,2.2,Y,,OTHER CIRCULATORY SYSTEM D
317,20261001,6.6865,5.1,,7.1,,,CONCOMITANT LEFT ATRIAL AP
318,20261001,2.4222,2.7,,3.7,,,PERCUTANEOUS CORONARY ATHE
319,20261001,4.4629,7.4,,10.2,,,OTHER ENDOVASCULAR CARDIAC
320,20261001,2.4053,2.1,,3.0,,,OTHER ENDOVASCULAR CARDIAC
321,20261001,2.7208,3.7,,4.9,,,PERCUTANEOUS CARDIOVASCULA
322,20261001,1.7630,2.0,,2.3,,,PERCUTANEOUS CARDIOVASCULA
323,20261001,4.3274,4.5,,6.1,,,CORONARY INTRAVASCULAR LIT
324,20261001,3.1510,2.3,,2.9,,,CORONARY INTRAVASCULAR LIT
325,20261001,3.2104,2.8,,3.8,,,CORONARY INTRAVASCULAR LIT
326,20261001,4.9874,8.9,,12.3,Y,,"STOMACH, ESOPHAGEAL AND DU"
327,20261001,2.4442,3.9,,5.4,Y,,"STOMACH, ESOPHAGEAL AND DU"
328,20261001,1.6023,2.0,,2.5,Y,,"STOMACH, ESOPHAGEAL AND DU"
329,20261001,4.5965,9.4,,12.2,Y,,MAJOR SMALL AND LARGE BOWE
330,20261001,2.3972,4.8,,6.1,Y,,MAJOR SMALL AND LARGE BOWE
331,20261001,1.6829,2.7,,3.2,Y,,MAJOR SMALL AND LARGE BOWE
332,20261001,3.6207,6.4,,8.9,Y,,RECTAL RESECTION WITH MCC
333,20261001,2.3422,3.5,,4.5,Y,,RECTAL RESECTION WITH CC
334,20261001,1.6379,2.2,,2.6,Y,,RECTAL RESECTION WITHOUT C
335,20261001,3.5709,8.6,,10.7,Y,,PERITONEAL ADHESIOLYSIS WI
336,20261001,2.1087,5.1,,6.4,Y,,PERITONEAL ADHESIOLYSIS WI
337,20261001,1.5350,3.0,,3.8,Y,,PERITONEAL ADHESIOLYSIS WI
344,20261001,2.5828,6.9,,9.2,,,MINOR SMALL AND LARGE BOWE
345,20261001,1.5047,4.0,,5.2,,,MINOR SMALL AND LARGE BOWE
346,20261001,1.1862,2.6,,3.1,,,MINOR SMALL AND LARGE BOWE
347,20261001,2.2956,5.5,,7.3,,,ANAL AND STOMAL PROCEDURES
348,20261001,1.3088,3.1,,4.0,,,ANAL AND STOMAL PROCEDURES
349,20261001,0.8706,1.7,,2.0,,,ANAL AND STOMAL PROCEDURES
350,20261001,2.4919,4.8,,6.4,,,INGUINAL AND FEMORAL HERNI
351,20261001,1.5245,2.9,,3.6,,,INGUINAL AND FEMORAL HERNI
352,20261001,1.1678,1.9,,2.2,,,INGUINAL AND FEMORAL HERNI
353,20261001,2.9020,5.7,,7.7,,,HERNIA PROCEDURES EXCEPT I
354,20261001,1.6824,3.1,,4.0,,,HERNIA PROCEDURES EXCEPT I
355,20261001,1.3450,1.8,,2.2,,,HERNIA PROCEDURES EXCEPT I
356,20261001,4.3928,7.6,,10.2,Y,,OTHER DIGESTIVE SYSTEM O.R
357,20261001,2.3255,4.4,,5.7,Y,,OTHER DIGESTIVE SYSTEM O.R
358,20261001,1.3979,2.5,,3.2,Y,,OTHER DIGESTIVE SYSTEM O.R
359,20261001,3.4386,3.8,,5.3,,,PERCUTANEOUS CORONARY ATHE
360,20261001,2.4143,2.2,,2.6,,,PERCUTANEOUS CORONARY ATHE
368,20261001,1.5919,4.0,,5.3,,,MAJOR ESOPHAGEAL DISORDERS
369,20261001,1.0002,2.9,,3.5,,,MAJOR ESOPHAGEAL DISORDERS
370,20261001,0.7008,2.1,,2.6,,,MAJOR ESOPHAGEAL DISORDERS
371,20261001,1.7731,5.2,,6.9,Y,,MAJOR GASTROINTESTINAL DIS
372,20261001,1.0210,3.6,,4.4,Y,,MAJOR GASTROINTESTINAL DIS
373,20261001,0.7274,2.7,,3.3,Y,,MAJOR GASTROINTESTINAL DIS
374,20261001,2.1387,5.5,,7.6,Y,,DIGESTIVE MALIGNANCY WITH
375,20261001,1.2096,3.5,,4.5,Y,,DIGESTIVE MALIGNANCY WITH
376,20261001,0.9243,2.3,,3.0,Y,,DIGESTIVE MALIGNANCY WITHO
377,20261001,1.8280,4.5,,5.8,Y,,GASTROINTESTINAL HEMORRHAG
378,20261001,0.9807,2.9,,3.5,Y,,GASTROINTESTINAL HEMORRHAG
379,20261001,0.6304,2.0,,2.4,Y,,GASTROINTESTINAL HEMORRHAG
380,20261001,1.9622,5.1,,6.7,Y,,COMPLICATED PEPTIC ULCER W
381,20261001,1.0835,3.1,,3.8,Y,,COMPLICATED PEPTIC ULCER W
382,20261001,0.8006,2.4,,2.9,Y,,COMPLICATED PEPTIC ULCER W
383,20261001,1.3807,3.9,,5.1,,,UNCOMPLICATED PEPTIC ULCER
384,20261001,0.8548,2.4,,3.0,,,UNCOMPLICATED PEPTIC ULCER
385,20261001,1.5823,4.8,,6.5,,,INFLAMMATORY BOWEL DISEASE
386,20261001,0.9763,3.3,,4.2,,,INFLAMMATORY BOWEL DISEASE
387,20261001,0.6813,2.5,,3.1,,,INFLAMMATORY BOWEL DISEASE
388,20261001,1.4768,4.5,,6.0,Y,,GASTROINTESTINAL OBSTRUCTI
389,20261001,0.7898,2.9,,3.6,Y,,GASTROINTESTINAL OBSTRUCTI
390,20261001,0.5440,2.2,,2.6,Y,,GASTROINTESTINAL OBSTRUCTI
391,20261001,1.2683,3.8,,5.1,,,"ESOPHAGITIS, GASTROENTERIT"
392,20261001,0.7796,2.5,,3.2,,,"ESOPHAGITIS, GASTROENTERIT"
393,20261001,1.5993,4.2,,5.9,,,OTHER DIGESTIVE SYSTEM DIA
394,20261001,0.9357,2.9,,3.7,,,OTHER DIGESTIVE SYSTEM DIA
395,20261001,0.6490,2.0,,2.5,,,OTHER DIGESTIVE SYSTEM DIA
397,20261001,2.3949,4.8,,6.5,,,APPENDIX PROCEDURES WITH M
398,20261001,1.5136,2.9,,3.8,,,APPENDIX PROCEDURES WITH C
399,20261001,1.1447,1.8,,2.2,,,APPENDIX PROCEDURES WITHOU
402,20261001,4.0205,2.4,,2.9,,,SINGLE LEVEL COMBINED ANTE
405,20261001,5.4705,8.4,,11.8,Y,,"PANCREAS, LIVER AND SHUNT"
406,20261001,2.9002,4.7,,5.9,Y,,"PANCREAS, LIVER AND SHUNT"
407,20261001,2.2196,3.2,,3.9,Y,,"PANCREAS, LIVER AND SHUNT"
408,20261001,3.5656,7.8,,10.4,,,BILIARY TRACT PROCEDURES E
409,20261001,2.1773,4.3,,5.4,,,BILIARY TRACT PROCEDURES E
410,20261001,1.5877,2.9,,3.5,,,BILIARY TRACT PROCEDURES E
411,20261001,3.3033,5.9,,8.3,,,CHOLECYSTECTOMY WITH C.D.E
412,20261001,2.1025,3.8,,4.5,,,CHOLECYSTECTOMY WITH C.D.E
413,20261001,1.6605,2.7,,3.3,,,CHOLECYSTECTOMY WITH C.D.E
414,20261001,3.5626,7.3,,9.4,Y,,CHOLECYSTECTOMY EXCEPT BY
415,20261001,2.0667,4.6,,5.6,Y,,CHOLECYSTECTOMY EXCEPT BY
416,20261001,1.3633,2.8,,3.3,Y,,CHOLECYSTECTOMY EXCEPT BY
417,20261001,2.3864,4.7,,6.1,,,LAPAROSCOPIC CHOLECYSTECTO
418,20261001,1.6916,3.2,,3.9,,,LAPAROSCOPIC CHOLECYSTECTO
419,20261001,1.3658,2.2,,2.6,,,LAPAROSCOPIC CHOLECYSTECTO
420,20261001,3.4071,6.9,,9.5,,,HEPATOBILIARY DIAGNOSTIC P
421,20261001,1.7375,3.4,,4.5,,,HEPATOBILIARY DIAGNOSTIC P
422,20261001,1.3995,2.3,,2.9,,,HEPATOBILIARY DIAGNOSTIC P
423,20261001,4.1530,8.1,,11.3,,,OTHER HEPATOBILIARY OR PAN
424,20261001,2.1879,4.5,,5.9,,,OTHER HEPATOBILIARY OR PAN
425,20261001,1.5003,2.6,,3.2,,,OTHER HEPATOBILIARY OR PAN
426,20261001,11.0212,7.3,,9.2,Y,Y,MULTIPLE LEVEL COMBINED AN
427,20261001,7.2186,4.0,,4.8,Y,Y,MULTIPLE LEVEL COMBINED AN
428,20261001,5.6220,2.6,,3.0,Y,Y,MULTIPLE LEVEL COMBINED AN
429,20261001,9.0096,9.6,,12.3,,,COMBINED ANTERIOR AND POST
430,20261001,5.7671,3.6,,4.6,,,COMBINED ANTERIOR AND POST
432,20261001,1.9682,4.9,,6.7,,,CIRRHOSIS AND ALCOHOLIC HE
433,20261001,1.0562,3.3,,4.2,,,CIRRHOSIS AND ALCOHOLIC HE
434,20261001,0.7125,2.3,,3.0,,,CIRRHOSIS AND ALCOHOLIC HE
435,20261001,1.8367,4.8,,6.3,,,MALIGNANCY OF HEPATOBILIAR
436,20261001,1.1311,3.3,,4.3,,,MALIGNANCY OF HEPATOBILIAR
437,20261001,0.8533,2.4,,2.9,,,MALIGNANCY OF HEPATOBILIAR
438,20261001,1.6302,4.6,,6.3,,,DISORDERS OF PANCREAS EXCE
439,20261001,0.8412,2.9,,3.6,,,DISORDERS OF PANCREAS EXCE
440,20261001,0.6214,2.2,,2.7,,,DISORDERS OF PANCREAS EXCE
441,20261001,1.7947,4.6,,6.3,Y,,DISORDERS OF LIVER EXCEPT
442,20261001,0.9653,3.2,,4.0,Y,,DISORDERS OF LIVER EXCEPT
443,20261001,0.6997,2.4,,2.9,Y,,DISORDERS OF LIVER EXCEPT
444,20261001,1.6709,4.3,,5.7,,,DISORDERS OF THE BILIARY T
445,20261001,1.0944,3.0,,3.7,,,DISORDERS OF THE BILIARY T
446,20261001,0.8273,2.1,,2.5,,,DISORDERS OF THE BILIARY T
447,20261001,6.6816,7.8,,9.7,Y,Y,MULTIPLE LEVEL SPINAL FUSI
448,20261001,4.2408,3.3,,4.1,Y,Y,MULTIPLE LEVEL SPINAL FUSI
450,20261001,5.3296,6.3,,8.1,,,SINGLE LEVEL SPINAL FUSION
451,20261001,3.2304,2.4,,3.1,,,SINGLE LEVEL SPINAL FUSION
456,20261001,8.4034,9.4,,11.5,,,SPINAL FUSION EXCEPT CERVI
457,20261001,5.9631,4.8,,5.9,,,SPINAL FUSION EXCEPT CERVI
458,20261001,4.1726,2.4,,2.8,,,SPINAL FUSION EXCEPT CERVI
461,20261001,5.5230,5.9,,7.6,,,BILATERAL OR MULTIPLE MAJO
462,20261001,2.6600,2.2,,2.7,,,BILATERAL OR MULTIPLE MAJO
463,20261001,5.6995,10.6,,14.3,Y,,WOUND DEBRIDEMENT AND SKIN
464,20261001,3.1147,5.5,,7.3,Y,,WOUND DEBRIDEMENT AND SKIN
465,20261001,1.8237,2.1,,3.0,Y,,WOUND DEBRIDEMENT AND SKIN
466,20261001,5.2054,7.1,,9.1,Y,,REVISION OF HIP OR KNEE RE
467,20261001,3.5266,3.1,,4.1,Y,,REVISION OF HIP OR KNEE RE
468,20261001,2.7480,1.5,,1.8,Y,,REVISION OF HIP OR KNEE RE
469,20261001,3.0332,3.3,,4.4,Y,,MAJOR HIP AND KNEE JOINT R
470,20261001,1.9289,1.9,,2.2,Y,,MAJOR HIP AND KNEE JOINT R
471,20261001,4.8287,7.1,,9.4,,,CERVICAL SPINAL FUSION WIT
472,20261001,2.9461,2.5,,3.5,,,CERVICAL SPINAL FUSION WIT
473,20261001,2.4413,1.6,,2.0,,,CERVICAL SPINAL FUSION WIT
474,20261001,4.2929,9.8,,12.3,Y,,AMPUTATION FOR MUSCULOSKEL
475,20261001,2.2757,5.9,,7.3,Y,,AMPUTATION FOR MUSCULOSKEL
476,20261001,1.1802,2.7,,3.6,Y,,AMPUTATION FOR MUSCULOSKEL
477,20261001,3.4546,8.6,,10.6,Y,Y,BIOPSIES OF MUSCULOSKELETA
478,20261001,2.4592,5.4,,6.7,Y,Y,BIOPSIES OF MUSCULOSKELETA
479,20261001,1.8589,3.3,,4.1,Y,Y,BIOPSIES OF MUSCULOSKELETA
480,20261001,2.9123,6.1,,7.3,Y,Y,HIP AND FEMUR PROCEDURES E
481,20261001,2.0945,4.3,,4.8,Y,Y,HIP AND FEMUR PROCEDURES E
482,20261001,1.6310,3.1,,3.5,Y,Y,HIP AND FEMUR PROCEDURES E
483,20261001,2.7719,2.0,,2.8,,,MAJOR JOINT OR LIMB REATTA
485,20261001,3.2271,8.1,,9.6,,,KNEE PROCEDURES WITH PRINC
486,20261001,2.0911,5.1,,6.0,,,KNEE PROCEDURES WITH PRINC
487,20261001,1.5662,3.5,,4.1,,,KNEE PROCEDURES WITH PRINC
488,20261001,1.7689,2.2,,3.1,Y,,KNEE PROCEDURES WITHOUT PR
489,20261001,1.1168,1.2,,1.4,Y,,KNEE PROCEDURES WITHOUT PR
492,20261001,3.6716,6.6,,8.4,Y,Y,LOWER EXTREMITY AND HUMERU
493,20261001,2.5361,4.2,,5.1,Y,Y,LOWER EXTREMITY AND HUMERU
494,20261001,2.0065,2.8,,3.4,Y,Y,LOWER EXTREMITY AND HUMERU
495,20261001,3.6257,7.2,,9.9,Y,Y,LOCAL EXCISION AND REMOVAL
496,20261001,1.8039,2.8,,3.9,Y,Y,LOCAL EXCISION AND REMOVAL
497,20261001,1.2083,1.4,,1.8,Y,Y,LOCAL EXCISION AND REMOVAL
498,20261001,3.0168,4.4,,5.9,,,LOCAL EXCISION AND REMOVAL
499,20261001,2.0148,1.8,,2.3,,,LOCAL EXCISION AND REMOVAL
500,20261001,3.1648,7.6,,9.9,Y,Y,SOFT TISSUE PROCEDURES WIT
501,20261001,1.7481,4.0,,5.2,Y,Y,SOFT TISSUE PROCEDURES WIT
502,20261001,1.3459,2.4,,3.0,Y,Y,SOFT TISSUE PROCEDURES WIT
503,20261001,2.7911,7.1,,8.9,,,FOOT PROCEDURES WITH MCC
504,20261001,1.8692,4.5,,5.5,,,FOOT PROCEDURES WITH CC
505,20261001,1.7928,2.7,,3.2,,,FOOT PROCEDURES WITHOUT CC
506,20261001,1.3492,3.7,,4.5,,,MAJOR THUMB OR JOINT PROCE
507,20261001,1.8064,5.1,,6.4,,,MAJOR SHOULDER OR ELBOW JO
508,20261001,1.5144,3.2,,3.8,,,MAJOR SHOULDER OR ELBOW JO
510,20261001,3.0205,5.3,,6.9,Y,,"SHOULDER, ELBOW OR FOREARM"
511,20261001,2.0794,3.5,,4.4,Y,,"SHOULDER, ELBOW OR FOREARM"
512,20261001,1.6554,2.3,,2.7,Y,,"SHOULDER, ELBOW OR FOREARM"
513,20261001,1.5743,3.9,,5.2,,,"HAND OR WRIST PROCEDURES,"
514,20261001,1.0223,2.1,,2.6,,,"HAND OR WRIST PROCEDURES,"
515,20261001,3.1869,6.7,,8.4,Y,Y,OTHER MUSCULOSKELETAL SYST
516,20261001,2.0781,4.0,,5.1,Y,Y,OTHER MUSCULOSKELETAL SYST
517,20261001,1.5367,2.3,,2.9,Y,Y,OTHER MUSCULOSKELETAL SYST
518,20261001,3.7373,5.3,,7.6,Y,Y,BACK AND NECK PROCEDURES E
519,20261001,2.0002,3.2,,4.2,Y,Y,BACK AND NECK PROCEDURES E
520,20261001,1.4939,2.1,,2.6,Y,Y,BACK AND NECK PROCEDURES E
521,20261001,2.8702,6.0,,7.0,Y,Y,HIP REPLACEMENT WITH PRINC
522,20261001,2.1177,4.0,,4.5,Y,Y,HIP REPLACEMENT WITH PRINC
533,20261001,1.5677,4.3,,5.7,Y,,FRACTURES OF FEMUR WITH MC
534,20261001,0.8061,2.9,,3.5,Y,,FRACTURES OF FEMUR WITHOUT
535,20261001,1.2820,3.9,,5.0,Y,,FRACTURES OF HIP AND PELVI
536,20261001,0.8076,2.9,,3.5,Y,,FRACTURES OF HIP AND PELVI
537,20261001,0.9543,3.3,,4.1,,,"SPRAINS, STRAINS, AND DISL"
538,20261001,0.7203,2.4,,2.9,,,"SPRAINS, STRAINS, AND DISL"
539,20261001,1.9697,6.2,,8.1,Y,,OSTEOMYELITIS WITH MCC
540,20261001,1.2963,4.3,,5.6,Y,,OSTEOMYELITIS WITH CC
541,20261001,0.7874,2.9,,3.6,Y,,OSTEOMYELITIS WITHOUT CC/M
542,20261001,1.7665,5.0,,6.8,Y,,PATHOLOGICAL FRACTURES AND
543,20261001,1.0280,3.5,,4.4,Y,,PATHOLOGICAL FRACTURES AND
544,20261001,0.7546,2.7,,3.1,Y,,PATHOLOGICAL FRACTURES AND
545,20261001,2.4817,5.5,,8.3,Y,,CONNECTIVE TISSUE DISORDER
546,20261001,1.1534,3.4,,4.4,Y,,CONNECTIVE TISSUE DISORDER
547,20261001,0.8362,2.5,,3.0,Y,,CONNECTIVE TISSUE DISORDER
548,20261001,1.9309,5.9,,7.7,,,SEPTIC ARTHRITIS WITH MCC
549,20261001,1.2072,3.9,,4.9,,,SEPTIC ARTHRITIS WITH CC
550,20261001,0.8741,3.1,,3.7,,,SEPTIC ARTHRITIS WITHOUT C
551,20261001,1.6761,4.5,,5.9,Y,,MEDICAL BACK PROBLEMS WITH
552,20261001,0.9613,2.9,,3.6,Y,,MEDICAL BACK PROBLEMS WITH
553,20261001,1.2963,4.0,,5.2,,,BONE DISEASES AND ARTHROPA
554,20261001,0.8301,2.8,,3.5,,,BONE DISEASES AND ARTHROPA
555,20261001,1.3218,3.8,,5.2,,,SIGNS AND SYMPTOMS OF MUSC
556,20261001,0.8306,2.7,,3.3,,,SIGNS AND SYMPTOMS OF MUSC
557,20261001,1.4869,4.7,,6.1,Y,,"TENDONITIS, MYOSITIS AND B"
558,20261001,0.8932,3.1,,3.9,Y,,"TENDONITIS, MYOSITIS AND B"
559,20261001,1.8649,5.1,,7.0,Y,,"AFTERCARE, MUSCULOSKELETAL"
560,20261001,1.1261,3.8,,5.2,Y,,"AFTERCARE, MUSCULOSKELETAL"
561,20261001,0.8039,2.9,,4.2,Y,,"AFTERCARE, MUSCULOSKELETAL"
562,20261001,1.4248,4.1,,5.2,Y,,"FRACTURE, SPRAIN, STRAIN A"
563,20261001,0.8955,3.0,,3.5,Y,,"FRACTURE, SPRAIN, STRAIN A"
564,20261001,1.5436,4.8,,6.2,,,OTHER MUSCULOSKELETAL SYST
565,20261001,0.9744,3.3,,4.1,,,OTHER MUSCULOSKELETAL SYST
566,20261001,0.7493,2.4,,2.9,,,OTHER MUSCULOSKELETAL SYST
570,20261001,2.9411,7.8,,10.3,Y,,SKIN DEBRIDEMENT WITH MCC
571,20261001,1.6895,5.0,,6.3,Y,,SKIN DEBRIDEMENT WITH CC
572,20261001,1.1463,2.8,,3.6,Y,,SKIN DEBRIDEMENT WITHOUT C
573,20261001,6.5514,12.0,,16.7,Y,,SKIN GRAFT FOR SKIN ULCER
574,20261001,3.4714,7.6,,10.6,Y,,SKIN GRAFT FOR SKIN ULCER
575,20261001,1.7970,4.0,,4.9,Y,,SKIN GRAFT FOR SKIN ULCER
576,20261001,4.9012,8.8,,12.5,,,SKIN GRAFT EXCEPT FOR SKIN
577,20261001,2.6507,4.3,,6.6,,,SKIN GRAFT EXCEPT FOR SKIN
578,20261001,1.6064,2.3,,3.2,,,SKIN GRAFT EXCEPT FOR SKIN
579,20261001,3.2385,7.5,,10.3,Y,,"OTHER SKIN, SUBCUTANEOUS T"
580,20261001,1.7280,4.1,,5.5,Y,,"OTHER SKIN, SUBCUTANEOUS T"
581,20261001,1.4431,2.1,,2.6,Y,,"OTHER SKIN, SUBCUTANEOUS T"
582,20261001,1.9266,2.6,,3.4,,,MASTECTOMY FOR MALIGNANCY
583,20261001,1.7244,1.7,,2.1,,,MASTECTOMY FOR MALIGNANCY
584,20261001,2.1407,3.3,,4.4,,,"BREAST BIOPSY, LOCAL EXCIS"
585,20261001,1.9291,2.0,,2.3,,,"BREAST BIOPSY, LOCAL EXCIS"
592,20261001,1.9353,5.7,,8.1,Y,,SKIN ULCERS WITH MCC
593,20261001,1.1863,4.2,,5.6,Y,,SKIN ULCERS WITH CC
594,20261001,0.8668,3.2,,4.1,Y,,SKIN ULCERS WITHOUT CC/MCC
595,20261001,2.1207,5.4,,7.5,,,MAJOR SKIN DISORDERS WITH
596,20261001,1.0825,3.4,,4.5,,,MAJOR SKIN DISORDERS WITHO
597,20261001,1.6671,4.7,,6.5,,,MALIGNANT BREAST DISORDERS
598,20261001,1.1313,3.4,,4.7,,,MALIGNANT BREAST DISORDERS
599,20261001,0.7694,2.4,,2.8,,,MALIGNANT BREAST DISORDERS
600,20261001,1.0416,3.2,,4.0,,,NON-MALIGNANT BREAST DISOR
601,20261001,0.6050,2.3,,2.6,,,NON-MALIGNANT BREAST DISOR
602,20261001,1.4213,4.5,,5.8,Y,,CELLULITIS WITH MCC
603,20261001,0.8709,3.1,,3.8,Y,,CELLULITIS WITHOUT MCC
604,20261001,1.4721,3.9,,5.1,,,"TRAUMA TO THE SKIN, SUBCUT"
605,20261001,0.9160,2.7,,3.3,,,"TRAUMA TO THE SKIN, SUBCUT"
606,20261001,1.5132,4.5,,6.3,,,MINOR SKIN DISORDERS WITH
607,20261001,0.9064,2.9,,3.8,,,MINOR SKIN DISORDERS WITHO
614,20261001,2.1918,2.4,,3.6,,,ADRENAL AND PITUITARY PROC
615,20261001,1.3993,1.4,,1.6,,,ADRENAL AND PITUITARY PROC
616,20261001,3.4874,8.8,,11.0,Y,,AMPUTATION OF LOWER LIMB F
617,20261001,1.8703,5.6,,6.7,Y,,AMPUTATION OF LOWER LIMB F
618,20261001,1.4183,4.1,,5.1,Y,,AMPUTATION OF LOWER LIMB F
619,20261001,2.8874,2.8,,4.9,,,O.R. PROCEDURES FOR OBESIT
620,20261001,1.6003,1.5,,1.8,,,O.R. PROCEDURES FOR OBESIT
621,20261001,1.5084,1.2,,1.3,,,O.R. PROCEDURES FOR OBESIT
622,20261001,3.5592,8.6,,11.5,Y,,SKIN GRAFTS AND WOUND DEBR
623,20261001,1.7939,5.2,,6.3,Y,,SKIN GRAFTS AND WOUND DEBR
624,20261001,1.2519,3.1,,3.8,Y,,SKIN GRAFTS AND WOUND DEBR
625,20261001,3.0201,5.1,,8.1,,,"THYROID, PARATHYROID AND T"
626,20261001,1.4994,1.9,,2.6,,,"THYROID, PARATHYROID AND T"
627,20261001,1.3283,1.3,,1.5,,,"THYROID, PARATHYROID AND T"
628,20261001,3.7268,8.3,,10.9,Y,,"OTHER ENDOCRINE, NUTRITION"
629,20261001,2.1788,5.9,,7.1,Y,,"OTHER ENDOCRINE, NUTRITION"
630,20261001,1.4595,1.9,,2.6,Y,,"OTHER ENDOCRINE, NUTRITION"
637,20261001,1.4367,3.9,,5.3,Y,,DIABETES WITH MCC
638,20261001,0.8962,2.9,,3.7,Y,,DIABETES WITH CC
639,20261001,0.6212,2.1,,2.4,Y,,DIABETES WITHOUT CC/MCC
640,20261001,1.3356,3.6,,5.0,Y,,MISCELLANEOUS DISORDERS OF
641,20261001,0.7782,2.6,,3.3,Y,,MISCELLANEOUS DISORDERS OF
642,20261001,1.4221,3.4,,4.6,,,INBORN AND OTHER DISORDERS
643,20261001,1.6461,4.9,,6.3,Y,,ENDOCRINE DISORDERS WITH M
644,20261001,1.0250,3.4,,4.2,Y,,ENDOCRINE DISORDERS WITH C
645,20261001,0.7683,2.7,,3.2,Y,,ENDOCRINE DISORDERS WITHOU
650,20261001,4.7014,6.3,,7.6,,,KIDNEY TRANSPLANT WITH HEM
651,20261001,3.7058,5.5,,6.3,,,KIDNEY TRANSPLANT WITH HEM
652,20261001,3.2295,4.3,,4.8,,,KIDNEY TRANSPLANT
653,20261001,5.1964,9.5,,12.4,Y,,MAJOR BLADDER PROCEDURES W
654,20261001,2.7993,5.1,,6.2,Y,,MAJOR BLADDER PROCEDURES W
655,20261001,2.1166,3.2,,3.9,Y,,MAJOR BLADDER PROCEDURES W
656,20261001,3.1838,5.0,,7.2,,,KIDNEY AND URETER PROCEDUR
657,20261001,1.8300,2.5,,3.2,,,KIDNEY AND URETER PROCEDUR
658,20261001,1.5518,1.6,,1.8,,,KIDNEY AND URETER PROCEDUR
659,20261001,2.5409,5.7,,7.7,Y,,KIDNEY AND URETER PROCEDUR
660,20261001,1.3217,2.8,,3.7,Y,,KIDNEY AND URETER PROCEDUR
661,20261001,1.0354,1.8,,2.1,Y,,KIDNEY AND URETER PROCEDUR
662,20261001,3.0615,7.1,,9.7,,,MINOR BLADDER PROCEDURES W
663,20261001,1.5202,3.6,,4.7,,,MINOR BLADDER PROCEDURES W
664,20261001,1.0469,2.1,,2.6,,,MINOR BLADDER PROCEDURES W
665,20261001,3.1212,7.1,,9.8,,,PROSTATECTOMY WITH MCC
666,20261001,1.7493,3.6,,5.0,,,PROSTATECTOMY WITH CC
667,20261001,1.1062,2.1,,2.7,,,PROSTATECTOMY WITHOUT CC/M
668,20261001,2.9200,7.2,,9.4,,,TRANSURETHRAL PROCEDURES W
669,20261001,1.5520,3.7,,4.9,,,TRANSURETHRAL PROCEDURES W
670,20261001,0.9773,2.0,,2.5,,,TRANSURETHRAL PROCEDURES W
671,20261001,1.7950,3.9,,5.5,,,URETHRAL PROCEDURES WITH C
672,20261001,1.0795,1.6,,2.1,,,URETHRAL PROCEDURES WITHOU
673,20261001,4.2016,10.2,,13.1,,,OTHER KIDNEY AND URINARY T
674,20261001,2.3386,5.5,,7.1,,,OTHER KIDNEY AND URINARY T
675,20261001,1.6414,2.8,,3.6,,,OTHER KIDNEY AND URINARY T
682,20261001,1.4810,4.3,,5.7,Y,,RENAL FAILURE WITH MCC
683,20261001,0.8758,3.0,,3.7,Y,,RENAL FAILURE WITH CC
684,20261001,0.6003,2.2,,2.6,Y,,RENAL FAILURE WITHOUT CC/M
686,20261001,1.8037,5.1,,6.9,,,KIDNEY AND URINARY TRACT N
687,20261001,1.0478,3.3,,4.2,,,KIDNEY AND URINARY TRACT N
688,20261001,0.7903,2.0,,2.3,,,KIDNEY AND URINARY TRACT N
689,20261001,1.1603,3.8,,4.9,Y,,KIDNEY AND URINARY TRACT I
690,20261001,0.8095,2.8,,3.5,Y,,KIDNEY AND URINARY TRACT I
693,20261001,1.3445,3.7,,4.9,,,URINARY STONES WITH MCC
694,20261001,0.7817,2.1,,2.7,,,URINARY STONES WITHOUT MCC
695,20261001,1.1438,3.6,,4.6,,,KIDNEY AND URINARY TRACT S
696,20261001,0.6890,2.3,,2.9,,,KIDNEY AND URINARY TRACT S
697,20261001,1.0778,2.6,,3.6,,,URETHRAL STRICTURE
698,20261001,1.6544,4.8,,6.1,Y,,OTHER KIDNEY AND URINARY T
699,20261001,1.0150,3.2,,4.0,Y,,OTHER KIDNEY AND URINARY T
700,20261001,0.6899,2.3,,2.8,Y,,OTHER KIDNEY AND URINARY T
707,20261001,2.0003,2.2,,3.1,,,MAJOR MALE PELVIC PROCEDUR
708,20261001,1.5342,1.4,,1.5,,,MAJOR MALE PELVIC PROCEDUR
709,20261001,2.3271,4.0,,6.5,,,PENIS PROCEDURES WITH CC/M
710,20261001,1.4012,1.6,,1.9,,,PENIS PROCEDURES WITHOUT C
711,20261001,2.0838,4.8,,6.8,,,TESTES PROCEDURES WITH CC/
712,20261001,1.0997,2.3,,3.0,,,TESTES PROCEDURES WITHOUT
713,20261001,1.5034,2.4,,3.5,,,TRANSURETHRAL PROSTATECTOM
714,20261001,1.0574,1.5,,1.7,,,TRANSURETHRAL PROSTATECTOM
715,20261001,2.2373,5.0,,7.2,,,OTHER MALE REPRODUCTIVE SY
716,20261001,1.4710,1.6,,1.8,,,OTHER MALE REPRODUCTIVE SY
717,20261001,1.8905,3.6,,5.2,,,OTHER MALE REPRODUCTIVE SY
718,20261001,1.3431,1.9,,2.3,,,OTHER MALE REPRODUCTIVE SY
722,20261001,1.8097,5.0,,7.1,,,"MALIGNANCY, MALE REPRODUCT"
723,20261001,1.1427,3.4,,4.7,,,"MALIGNANCY, MALE REPRODUCT"
724,20261001,0.6557,1.8,,2.1,,,"MALIGNANCY, MALE REPRODUCT"
725,20261001,1.1702,3.8,,4.9,,,BENIGN PROSTATIC HYPERTROP
726,20261001,0.7220,2.5,,3.1,,,BENIGN PROSTATIC HYPERTROP
727,20261001,1.4829,4.5,,6.0,,,INFLAMMATION OF THE MALE R
728,20261001,0.8112,2.9,,3.6,,,INFLAMMATION OF THE MALE R
729,20261001,1.0587,3.1,,4.1,,,OTHER MALE REPRODUCTIVE SY
730,20261001,0.6720,1.8,,2.1,,,OTHER MALE REPRODUCTIVE SY
734,20261001,2.1300,3.1,,4.7,,,"PELVIC EVISCERATION, RADIC"
735,20261001,1.3455,1.7,,1.9,,,"PELVIC EVISCERATION, RADIC"
736,20261001,3.5745,6.1,,8.2,,,UTERINE AND ADNEXA PROCEDU
737,20261001,2.0606,3.7,,4.5,,,UTERINE AND ADNEXA PROCEDU
738,20261001,1.4685,2.3,,2.6,,,UTERINE AND ADNEXA PROCEDU
739,20261001,3.5828,5.1,,8.3,,,UTERINE AND ADNEXA PROCEDU
740,20261001,1.8096,2.6,,3.6,,,UTERINE AND ADNEXA PROCEDU
741,20261001,1.4261,1.5,,1.8,,,UTERINE AND ADNEXA PROCEDU
742,20261001,1.8348,2.7,,3.6,,,UTERINE AND ADNEXA PROCEDU
743,20261001,1.2407,1.5,,1.7,,,UTERINE AND ADNEXA PROCEDU
744,20261001,2.0491,4.6,,6.6,,,"D&C, CONIZATION, LAPAROSCO"
745,20261001,1.1375,2.0,,2.6,,,"D&C, CONIZATION, LAPAROSCO"
746,20261001,1.7371,3.1,,5.1,,,"VAGINA, CERVIX AND VULVA P"
747,20261001,0.8597,1.3,,1.6,,,"VAGINA, CERVIX AND VULVA P"
748,20261001,1.3873,1.4,,1.8,,,FEMALE REPRODUCTIVE SYSTEM
749,20261001,2.5676,5.1,,7.1,,,OTHER FEMALE REPRODUCTIVE
750,20261001,1.4758,1.9,,2.6,,,OTHER FEMALE REPRODUCTIVE
754,20261001,1.8417,5.1,,7.1,,,"MALIGNANCY, FEMALE REPRODU"
755,20261001,1.0878,3.2,,4.3,,,"MALIGNANCY, FEMALE REPRODU"
756,20261001,0.9605,2.0,,2.3,,,"MALIGNANCY, FEMALE REPRODU"
757,20261001,1.4319,4.6,,6.0,,,"INFECTIONS, FEMALE REPRODU"
758,20261001,0.9790,3.6,,4.4,,,"INFECTIONS, FEMALE REPRODU"
759,20261001,0.6636,2.4,,2.9,,,"INFECTIONS, FEMALE REPRODU"
760,20261001,1.0075,2.8,,3.8,,,MENSTRUAL AND OTHER FEMALE
761,20261001,0.5705,1.7,,2.1,,,MENSTRUAL AND OTHER FEMALE
768,20261001,1.0716,2.7,,3.4,,,VAGINAL DELIVERY WITH O.R.
769,20261001,1.6898,3.0,,4.7,,,POSTPARTUM AND POST ABORTI
770,20261001,1.0027,1.9,,2.3,,,"ABORTION WITH D&C, ASPIRAT"
776,20261001,0.6547,2.4,,3.1,,,POSTPARTUM AND POST ABORTI
779,20261001,0.8413,1.5,,2.0,,,ABORTION WITHOUT D&C
783,20261001,2.4551,4.9,,8.6,,,CESAREAN SECTION WITH STER
784,20261001,1.0601,3.1,,3.6,,,CESAREAN SECTION WITH STER
785,20261001,0.9578,2.6,,3.0,,,CESAREAN SECTION WITH STER
786,20261001,1.6495,4.4,,6.2,,,CESAREAN SECTION WITHOUT S
787,20261001,1.1168,3.4,,4.2,,,CESAREAN SECTION WITHOUT S
788,20261001,0.9588,2.9,,3.2,,,CESAREAN SECTION WITHOUT S
789,20261001,1.8022,1.8,,1.8,,,"NEONATES, DIED OR TRANSFER"
790,20261001,5.9435,17.9,,17.9,,,EXTREME IMMATURITY OR RESP
791,20261001,4.0590,13.3,,13.3,,,PREMATURITY WITH MAJOR PRO
792,20261001,2.4492,8.6,,8.6,,,PREMATURITY WITHOUT MAJOR
793,20261001,4.1696,4.7,,4.7,,,FULL TERM NEONATE WITH MAJ
794,20261001,1.4759,3.4,,3.4,,,NEONATE WITH OTHER SIGNIFI
795,20261001,0.1998,3.1,,3.1,,,NORMAL NEWBORN
796,20261001,1.1670,3.5,,4.4,,,VAGINAL DELIVERY WITH STER
797,20261001,1.0004,2.5,,3.1,,,VAGINAL DELIVERY WITH STER
798,20261001,0.9571,2.3,,2.5,,,VAGINAL DELIVERY WITH STER
799,20261001,4.5289,6.8,,9.1,,,SPLENIC PROCEDURES WITH MC
800,20261001,2.8094,3.9,,5.2,,,SPLENIC PROCEDURES WITH CC
801,20261001,1.9089,2.4,,3.3,,,SPLENIC PROCEDURES WITHOUT
802,20261001,3.9841,7.8,,11.6,,,OTHER O.R. PROCEDURES OF T
803,20261001,1.8589,3.7,,5.2,,,OTHER O.R. PROCEDURES OF T
804,20261001,1.3560,1.7,,2.2,,,OTHER O.R. PROCEDURES OF T
805,20261001,1.0792,3.0,,4.5,,,VAGINAL DELIVERY WITHOUT S
806,20261001,0.7540,2.4,,2.7,,,VAGINAL DELIVERY WITHOUT S
807,20261001,0.6742,2.0,,2.2,,,VAGINAL DELIVERY WITHOUT S
808,20261001,2.2079,5.2,,7.1,,,MAJOR HEMATOLOGICAL AND IM
809,20261001,1.2659,3.3,,4.3,,,MAJOR HEMATOLOGICAL AND IM
810,20261001,1.0466,2.6,,3.3,,,MAJOR HEMATOLOGICAL AND IM
811,20261001,1.4043,3.7,,4.9,,,RED BLOOD CELL DISORDERS W
812,20261001,0.9182,2.7,,3.6,,,RED BLOOD CELL DISORDERS W
813,20261001,1.5253,3.6,,4.7,,,COAGULATION DISORDERS
814,20261001,2.1267,4.7,,6.9,,,RETICULOENDOTHELIAL AND IM
815,20261001,1.0140,2.9,,3.8,,,RETICULOENDOTHELIAL AND IM
816,20261001,0.6320,2.0,,2.3,,,RETICULOENDOTHELIAL AND IM
817,20261001,2.2816,3.6,,5.5,,,OTHER ANTEPARTUM DIAGNOSES
818,20261001,1.1592,2.7,,3.4,,,OTHER ANTEPARTUM DIAGNOSES
819,20261001,0.8599,1.6,,1.7,,,OTHER ANTEPARTUM DIAGNOSES
820,20261001,5.8648,10.7,,15.4,,,LYMPHOMA AND LEUKEMIA WITH
821,20261001,2.2386,3.3,,5.2,,,LYMPHOMA AND LEUKEMIA WITH
822,20261001,1.2040,1.5,,1.8,,,LYMPHOMA AND LEUKEMIA WITH
823,20261001,4.5848,10.1,,13.6,,,LYMPHOMA AND NON-ACUTE LEU
824,20261001,2.2656,4.9,,6.7,,,LYMPHOMA AND NON-ACUTE LEU
825,20261001,1.3494,2.2,,3.0,,,LYMPHOMA AND NON-ACUTE LEU
826,20261001,4.6778,8.4,,11.2,,,MYELOPROLIFERATIVE DISORDE
827,20261001,2.3112,4.0,,5.2,,,MYELOPROLIFERATIVE DISORDE
828,20261001,1.7038,2.4,,2.9,,,MYELOPROLIFERATIVE DISORDE
829,20261001,3.1600,5.9,,9.0,,,MYELOPROLIFERATIVE DISORDE
830,20261001,1.5050,2.1,,2.6,,,MYELOPROLIFERATIVE DISORDE
831,20261001,1.2025,3.3,,5.0,,,OTHER ANTEPARTUM DIAGNOSES
832,20261001,0.7216,2.6,,3.7,,,OTHER ANTEPARTUM DIAGNOSES
833,20261001,0.5229,1.7,,2.2,,,OTHER ANTEPARTUM DIAGNOSES
834,20261001,5.4899,9.6,,15.4,,,ACUTE LEUKEMIA WITH MCC
835,20261001,2.0858,4.4,,6.8,,,ACUTE LEUKEMIA WITH CC
836,20261001,1.2195,2.9,,4.0,,,ACUTE LEUKEMIA WITHOUT CC/
837,20261001,4.8043,10.2,,14.9,,,CHEMOTHERAPY WITH ACUTE LE
838,20261001,2.0874,5.1,,6.7,,,CHEMOTHERAPY WITH ACUTE LE
839,20261001,1.4439,4.0,,4.5,,,CHEMOTHERAPY WITH ACUTE LE
840,20261001,3.2349,6.8,,9.7,Y,,LYMPHOMA AND NON-ACUTE LEU
841,20261001,1.6314,4.0,,5.4,Y,,LYMPHOMA AND NON-ACUTE LEU
842,20261001,1.0104,2.6,,3.3,Y,,LYMPHOMA AND NON-ACUTE LEU
843,20261001,1.9948,5.4,,7.5,,,OTHER MYELOPROLIFERATIVE D
844,20261001,1.2174,3.7,,5.0,,,OTHER MYELOPROLIFERATIVE D
845,20261001,0.8516,2.4,,3.2,,,OTHER MYELOPROLIFERATIVE D
846,20261001,2.5925,5.8,,7.7,,,CHEMOTHERAPY WITHOUT ACUTE
847,20261001,1.3082,3.8,,4.3,,,CHEMOTHERAPY WITHOUT ACUTE
848,20261001,0.8494,2.6,,3.3,,,CHEMOTHERAPY WITHOUT ACUTE
849,20261001,2.7095,7.1,,9.8,,,RADIOTHERAPY
850,20261001,8.6595,15.3,,23.0,,,ACUTE LEUKEMIA WITH OTHER
853,20261001,4.9386,9.3,,12.4,Y,,INFECTIOUS AND PARASITIC D
854,20261001,1.9981,4.9,,6.2,Y,,INFECTIOUS AND PARASITIC D
855,20261001,1.4972,2.9,,3.7,Y,,INFECTIOUS AND PARASITIC D
856,20261001,4.5487,9.1,,12.1,Y,,POSTOPERATIVE OR POST-TRAU
857,20261001,2.1415,5.4,,6.7,Y,,POSTOPERATIVE OR POST-TRAU
858,20261001,1.3929,3.4,,4.2,Y,,POSTOPERATIVE OR POST-TRAU
862,20261001,1.8237,5.0,,6.6,Y,,POSTOPERATIVE AND POST-TRA
863,20261001,0.9979,3.3,,4.1,Y,,POSTOPERATIVE AND POST-TRA
864,20261001,0.8877,2.6,,3.2,,,FEVER AND INFLAMMATORY CON
865,20261001,1.4983,4.0,,5.7,,,VIRAL ILLNESS WITH MCC
866,20261001,0.8696,2.7,,3.5,,,VIRAL ILLNESS WITHOUT MCC
867,20261001,2.0932,5.4,,7.3,Y,,OTHER INFECTIOUS AND PARAS
868,20261001,1.0311,3.4,,4.3,Y,,OTHER INFECTIOUS AND PARAS
869,20261001,0.7297,2.4,,3.0,Y,,OTHER INFECTIOUS AND PARAS
870,20261001,6.9118,12.7,,15.2,Y,,SEPTICEMIA OR SEVERE SEPSI
871,20261001,1.9425,4.8,,6.4,Y,,SEPTICEMIA OR SEVERE SEPSI
872,20261001,1.0233,3.4,,4.2,Y,,SEPTICEMIA OR SEVERE SEPSI
876,20261001,3.8649,7.3,,19.3,,,O.R. PROCEDURES WITH PRINC
880,20261001,0.9602,2.8,,4.2,,,ACUTE ADJUSTMENT REACTION
881,20261001,0.9409,4.1,,6.2,,,DEPRESSIVE NEUROSES
882,20261001,1.0738,3.4,,5.9,,,NEUROSES EXCEPT DEPRESSIVE
883,20261001,1.9663,5.8,,11.3,,,DISORDERS OF PERSONALITY A
884,20261001,1.6089,4.6,,7.8,Y,,ORGANIC DISTURBANCES AND I
885,20261001,1.3968,6.5,,9.8,,,PSYCHOSES
886,20261001,2.0753,5.9,,14.9,,,BEHAVIORAL AND DEVELOPMENT
887,20261001,1.0709,3.1,,4.9,,,OTHER MENTAL DISORDER DIAG
894,20261001,0.6169,2.0,,2.9,,,"ALCOHOL, DRUG ABUSE OR DEP"
895,20261001,1.4156,7.2,,10.3,,,"ALCOHOL, DRUG ABUSE OR DEP"
896,20261001,1.7451,4.8,,7.0,Y,,"ALCOHOL, DRUG ABUSE OR DEP"
897,20261001,0.8828,3.3,,4.3,Y,,"ALCOHOL, DRUG ABUSE OR DEP"
901,20261001,4.1966,8.4,,12.5,,,WOUND DEBRIDEMENTS FOR INJ
902,20261001,1.9145,4.7,,6.5,,,WOUND DEBRIDEMENTS FOR INJ
903,20261001,1.1696,2.6,,3.3,,,WOUND DEBRIDEMENTS FOR INJ
904,20261001,3.6731,6.6,,10.2,,,SKIN GRAFTS FOR INJURIES W
905,20261001,1.4834,3.0,,4.0,,,SKIN GRAFTS FOR INJURIES W
906,20261001,1.9643,2.8,,4.4,,,HAND PROCEDURES FOR INJURI
907,20261001,3.8393,6.8,,9.4,Y,,OTHER O.R. PROCEDURES FOR
908,20261001,1.9952,3.6,,4.8,Y,,OTHER O.R. PROCEDURES FOR
909,20261001,1.3127,2.2,,2.7,Y,,OTHER O.R. PROCEDURES FOR
913,20261001,1.6346,3.9,,5.5,,,TRAUMATIC INJURY WITH MCC
914,20261001,0.8855,2.5,,3.1,,,TRAUMATIC INJURY WITHOUT M
915,20261001,1.6816,3.5,,4.8,,,ALLERGIC REACTIONS WITH MC
916,20261001,0.6663,1.8,,2.2,,,ALLERGIC REACTIONS WITHOUT
917,20261001,1.5684,3.7,,5.4,Y,,POISONING AND TOXIC EFFECT
918,20261001,0.8571,2.4,,3.4,Y,,POISONING AND TOXIC EFFECT
919,20261001,1.8308,4.3,,6.0,,,COMPLICATIONS OF TREATMENT
920,20261001,1.0023,2.8,,3.7,,,COMPLICATIONS OF TREATMENT
921,20261001,0.6884,2.1,,2.5,,,COMPLICATIONS OF TREATMENT
922,20261001,1.7494,4.2,,7.4,,,"OTHER INJURY, POISONING AN"
923,20261001,1.0177,2.8,,4.4,,,"OTHER INJURY, POISONING AN"
927,20261001,21.3505,24.0,,32.1,,,EXTENSIVE BURNS OR FULL TH
928,20261001,7.1727,12.4,,17.4,,,FULL THICKNESS BURN WITH S
929,20261001,3.2208,6.1,,8.0,,,FULL THICKNESS BURN WITH S
933,20261001,3.8942,3.0,,6.7,,,EXTENSIVE BURNS OR FULL TH
934,20261001,2.2106,4.9,,7.4,,,FULL THICKNESS BURN WITHOU
935,20261001,2.0600,3.9,,5.9,,,NON-EXTENSIVE BURNS
939,20261001,3.6285,6.3,,10.5,,,O.R. PROCEDURES WITH DIAGN
940,20261001,2.3369,3.1,,4.5,,,O.R. PROCEDURES WITH DIAGN
941,20261001,2.0277,1.9,,2.4,,,O.R. PROCEDURES WITH DIAGN
945,20261001,1.5486,5.6,,7.6,Y,,REHABILITATION WITH CC/MCC
946,20261001,1.1468,4.4,,5.9,Y,,REHABILITATION WITHOUT CC/
947,20261001,1.2694,3.7,,5.2,Y,,SIGNS AND SYMPTOMS WITH MC
948,20261001,0.8005,2.6,,3.4,Y,,SIGNS AND SYMPTOMS WITHOUT
949,20261001,1.1897,4.3,,6.7,,,AFTERCARE WITH CC/MCC
950,20261001,0.6277,3.2,,4.3,,,AFTERCARE WITHOUT CC/MCC
951,20261001,0.5560,1.8,,2.6,,,OTHER FACTORS INFLUENCING
955,20261001,6.7311,8.7,,12.8,,,CRANIOTOMY FOR MULTIPLE SI
956,20261001,3.7630,5.9,,7.3,Y,,"LIMB REATTACHMENT, HIP AND"
957,20261001,7.6199,10.1,,13.9,,,OTHER O.R. PROCEDURES FOR
958,20261001,4.2139,6.5,,8.1,,,OTHER O.R. PROCEDURES FOR
959,20261001,2.9441,3.8,,4.6,,,OTHER O.R. PROCEDURES FOR
963,20261001,2.7338,5.5,,8.0,,,OTHER MULTIPLE SIGNIFICANT
964,20261001,1.5326,3.9,,4.9,,,OTHER MULTIPLE SIGNIFICANT
965,20261001,0.9405,2.5,,3.0,,,OTHER MULTIPLE SIGNIFICANT
969,20261001,6.1213,11.7,,15.9,,,HIV WITH EXTENSIVE O.R. PR
970,20261001,2.6374,7.5,,9.4,,,HIV WITH EXTENSIVE O.R. PR
974,20261001,2.8860,6.6,,9.4,,,HIV WITH MAJOR RELATED CON
975,20261001,1.2950,3.9,,5.1,,,HIV WITH MAJOR RELATED CON
976,20261001,0.9027,3.0,,3.8,,,HIV WITH MAJOR RELATED CON
977,20261001,1.2977,3.6,,5.1,,,HIV WITH OR WITHOUT OTHER
981,20261001,4.6918,8.4,,11.8,Y,,EXTENSIVE O.R. PROCEDURES
982,20261001,2.4585,4.0,,5.6,Y,,EXTENSIVE O.R. PROCEDURES
983,20261001,1.7140,2.0,,2.6,Y,,EXTENSIVE O.R. PROCEDURES
987,20261001,3.4284,7.8,,11.1,Y,Y,NON-EXTENSIVE O.R. PROCEDU
988,20261001,1.6436,4.0,,5.5,Y,Y,NON-EXTENSIVE O.R. PROCEDU
989,20261001,1.1992,2.3,,3.0,Y,Y,NON-EXTENSIVE O.R. PROCEDU
998,20261001,0.0000,0.0,,0.0,,,PRINCIPAL DIAGNOSIS INVALI
999,20261001,0.0000,0.0,,0.0,,,UNGROUPABLE
